time,version,comments,class
2021-03-28 09:02:08,15.2.0,有这东西真他妈太垃圾了 抖音极速版 太坑人啦 用家庭早就散了 老婆就跑啦，今天拍抖音 玩抖音极速版 本来好好的一个家庭就是玩着玩着不成一个家了 我希望这个文件。全国都没有就更好一点,bad
2021-03-27 17:36:51,15.3.0,老百姓的平台,best
2021-03-26 23:18:02,15.2.0,为什么老是闪退呢？？？？,best
2021-03-26 10:52:09,15.1.1,很不错,best
2021-03-26 08:41:27,15.2.0,喜欢抖音,best
2021-03-26 08:30:12,15.2.0,我喜欢抖音,best
2021-03-26 07:27:15,15.2.0,很好，值得下载,best
2021-03-25 11:25:34,,抖音就是好,best
2021-03-24 18:45:39,15.2.0,抖音将是未来，立帖为证。,best
2021-03-24 11:17:54,15.1.1,这世上一切美好的事情，你的脸就占了99％！,best
2021-03-23 19:23:34,15.0.0,很欢迎，人数可以,best
2021-03-23 14:55:32,15.1.1,打发时间而已,best
2021-03-22 08:06:06,15.2.0,关注能否再多一点,best
2021-03-22 07:04:51,15.1.1,棒棒的,best
2021-03-22 00:46:31,15.1.1,在抖音记录真活,best
2021-03-20 18:32:53,15.1.1,很好的短视频app!!!!!,best
2021-03-20 14:12:58,15.1.1,为什么我的抖音它闪退？？！,best
2021-03-18 23:27:25,15.1.1,不论在那里，在抖音都记录美好的生话,best
2021-03-18 22:44:47,15.1.1,抖爸爸，杠杠的,best
2021-03-18 21:51:01,14.7.1,抖音功能最强大了，我给五星好评。,best
2021-03-18 20:03:42,15.1.1,挺好的,best
2021-03-18 11:52:18,15.1.1,抖音好平台，平凡人舞台,best
2021-03-18 07:21:34,15.1.1,记录生活美好挺好的，可是随便封号是什么意思，霸王条款，也申诉不了,bad
2021-03-17 17:02:24,14.9.0,抖音伴随你我她,best
2021-03-16 00:01:32,15.0.0,抖音提供了很好的交友平台，随时记录美好生活。,best
2021-03-14 18:19:08,15.0.0,这个软件太好了。,best
2021-03-14 13:11:56,15.0.0,记录每一种生活,best
2021-03-14 12:28:04,15.0.0,我要成网红能帮我办法不抖音,best
2021-03-13 09:02:04,15.0.0,一点也不好,best
2021-03-11 16:31:22,15.0.0,用了几个视频软件，抖音我还是最喜欢的！,best
2021-03-11 05:38:48,14.9.0,再接再厉。希望不吝，呜呜万一一鸣,best
2021-03-10 18:41:45,15.0.0,记录美好生活，太好用了,best
2021-03-10 18:12:37,15.0.0,流氓软件，动不动就自己下载,bad
2021-03-09 20:24:51,14.9.1,更及时的了解时事要闻！,best
2021-03-09 14:40:23,14.9.1,可以吧，不要太沉迷就好,best
2021-03-08 22:55:19,14.9.1,下载抖音绝对不会后悔,best
2021-03-06 20:46:44,14.9.0,用的流畅,best
2021-03-06 10:19:48,14.9.0,好用！,best
2021-03-06 09:55:29,14.8.0,一个车容易可能吧,best
2021-03-05 21:46:52,14.9.0,让我在紧张繁忙的工作之余，有一个减压放松的平台，感谢,best
2021-03-05 21:13:35,14.9.0,抖音很好  就是我流量太差,best
2021-03-05 20:56:28,12.9.0,自从有了抖音跟电视剧彻底说再见了,best
2021-03-05 19:33:06,15.0.0,非常不错的软件,best
2021-03-05 14:29:24,14.9.0,喜欢的软件,best
2021-03-05 11:29:14,14.9.0,了解第一手信息,best
2021-03-05 07:01:26,14.9.0,抖音功能强大，细节越来越完善！很棒！！！,best
2021-03-04 21:24:48,14.9.0,你是什么东西,bad
2021-03-03 22:12:13,14.8.0,抖音平台真很好工作一天苦了累了刷刷抖音乐乐记录生活留下美好的回忆,best
2021-03-03 04:30:27,14.8.0,感谢官方给了我学习和发展的平台,best
2021-02-27 21:18:09,14.9.0,抖音好，我全评满分。,best
2021-02-27 19:13:03,14.8.0,加油,best
2021-02-27 17:55:31,14.8.0,今天下午回去,best
2021-02-27 14:07:52,14.8.0,方便快捷，内容丰富！,best
2021-02-27 09:13:09,14.8.0,抖音好,best
2021-02-26 15:56:41,14.8.0,针不戳,best
2021-02-26 08:54:07,14.7.1,抖音超赞，抖音可不可以给我一些流量呀？抖音超赞的，你拥有，下载,best
2021-02-25 07:36:21,14.7.1,喜欢,best
2021-02-24 22:23:45,14.8.0,挺好看的,best
2021-02-24 18:53:52,14.7.1,真不错,best
2021-02-24 14:20:03,14.7.1,加油,best
2021-02-23 20:01:02,14.7.1,给普通人提供了一个表达自己，自主创业的机会。,best
2021-02-22 22:31:07,14.7.1,我在抖音等你，快点,best
2021-02-22 19:09:19,14.7.1,记录美好时光,best
2021-02-22 17:42:38,14.7.1,真个软件真的很不错,best
2021-02-21 22:06:20,14.7.1,最烦抖音视频自动设定日常模式视频了，不能发文案，自动发视频烦人没有可选性。垃圾,bad
2021-02-21 20:55:47,,很很很很很很很很好好好好好好好好好好好好,best
2021-02-20 12:54:30,14.7.1,不错不错，很接地气！,best
2021-02-20 05:48:32,14.7.1,真好,best
2021-02-20 05:43:25,14.7.1,不错不错,best
2021-02-19 21:19:19,14.7.1,抖音给了我证明和展示自我的平台，感谢抖音的制作者和管理者们！祝抖音在新的一年里越办越好，更上一层楼！,best
2021-02-19 18:43:32,14.7.1,很好，记录美好生活！,best
2021-02-18 22:38:48,14.7.1,其他没毛病，就是越来越多广告了,best
2021-02-18 20:45:55,14.7.1,好玩，好用！,best
2021-02-18 08:03:12,14.7.1,我喜欢抖音，他是我们老百姓的舞台，能展示才艺，也能记录生活。,best
2021-02-18 00:37:25,14.7.1,无聊的时候刷一刷。在这里面学到了许多。,best
2021-02-17 14:36:35,14.7.1,搞笑,best
2021-02-16 18:56:55,14.7.1,%%Vj9rb4LAUf8%% @独自行走 在抖音发布le新宱品,best
2021-02-16 12:36:00,14.7.1,大平台，挺好的！,best
2021-02-16 08:17:55,14.7.1,非常好的一个平台,best
2021-02-16 02:38:09,14.7.1,很好用！,best
2021-02-15 21:46:34,14.7.1,挺喜欢的一款软件,best
2021-02-14 17:07:44,14.7.1,一路兜兜转转，有折腾才有人生,best
2021-02-14 10:30:57,14.7.1,很好,best
2021-02-13 21:26:01,14.7.1,还用说中国日常生活了刷一刷快乐发一发记录美好生活,best
2021-02-13 07:40:52,14.7.1,祝抖音全体领导及工作人员身体健康，万事如意，心想事成！牛年大吉！,best
2021-02-13 05:34:16,14.7.1,抖音就像神一样的存在,best
2021-02-12 14:36:09,14.6.2,谢谢！新春快乐！新年快乐！牛年快乐！牛气冲天，好人一生平安。身体健康，平安是福。,best
2021-02-11 21:52:21,14.1.0,好的,best
2021-02-11 21:46:09,13.9.0,人生轨迹不一定会按你喜欢的方式运行,best
2021-02-11 21:07:47,14.7.1,牛牛气冲天的app,best
2021-02-11 15:05:05,14.7.0,分我一个发红包⊙ω⊙,best
2021-02-11 00:42:42,14.7.1,很好玩,best
2021-02-10 17:30:57,14.7.0,神器,best
2021-02-09 13:57:21,14.7.1,很好，就是不会玩,best
2021-02-09 10:42:50,14.7.1,抖音拍摄视频后第二天一打开抖音就闪退是怎么回事,best
2021-02-08 23:48:17,14.7.1,我很喜欢听抖音,best
2021-02-08 23:46:15,14.7.1,我很喜欢看抖音,best
2021-02-08 23:29:46,14.7.1,抖音短视频让我更有创新未来的感觉,best
2021-02-08 22:53:06,14.7.1,老百姓的舞台！,best
2021-02-08 16:46:04,14.7.1,抖音内容素材广泛，上传速度快，粉丝群体庞大,best
2021-02-08 16:06:41,9.7.1,特别喜欢用的,best
2021-02-08 15:06:45,14.7.1,很好看的，就是后面没有吗！,best
2021-02-08 14:41:36,14.7.1,太好用了,best
2021-02-08 05:33:37,14.7.0,很喜欢抖音，每天都看，,best
2021-02-08 02:39:07,14.7.1,普通人娱乐学习的好平台,best
2021-02-08 01:23:52,14.7.1,好好好好好好好,best
2021-02-08 00:09:43,14.7.1,服务很好,best
2021-02-07 22:25:06,14.7.1,超好用,best
2021-02-07 19:21:41,14.7.1,抖音记录美好生活美好的你！,best
2021-02-07 12:38:49,14.7.1,拍视频挺好的,best
2021-02-07 11:57:26,14.7.0,反正怎么说呢，就挺棒,best
2021-02-06 20:12:40,14.5.0,可以记录美好生活舜间，,best
2021-02-06 16:04:23,14.0.0,还行,best
2021-02-06 10:22:35,14.6.1,不喜欢的内容频繁出现,good
2021-02-06 09:33:03,14.7.1,好玩啊,best
2021-02-05 23:34:19,14.7.0,抖音记录美好生活,best
2021-02-05 12:04:33,14.7.0,已经是人们的一种生活方式了，加油！,best
2021-02-04 23:29:30,14.7.0,关心我,good
2021-02-04 14:53:32,14.7.0,闲的没事的时候就刷刷视频解解闷，现在已经是这样的流行趋势了。,best
2021-02-04 09:18:11,14.7.0,新的一年，愿所有人在抖音成就小小梦想。,best
2021-02-04 06:29:06,14.7.0,感谢抖音提供平台,best
2021-02-03 00:31:51,14.6.2,观看和创作永远是密不可分,best
2021-02-02 23:04:51,14.6.2,非常棒棒一个平台,best
2021-02-02 22:38:38,14.7.0,很不错的软件,best
2021-02-02 14:03:29,9.1.1,限流很棒,best
2021-02-01 21:55:39,14.6.2,好，很有魅力和欣赏价值,best
2021-02-01 18:51:40,14.1.0,非常奈斯,best
2021-01-31 22:28:41,14.6.1,这个太好用了！,best
2021-01-31 10:41:48,14.3.0,有点好,best
2021-01-30 15:05:25,13.0.0,完美,best
2021-01-29 14:05:59,14.6.1,如果播放量按点赞数递增的话，人人都能真正记录美好生活。,best
2021-01-28 22:25:47,14.7.0,好很好，抖音是未来！,best
2021-01-28 21:02:36,14.6.0,这个抖音平台真好，能让不开心的人们，都开心起来，喜欢……,best
2021-01-28 13:35:58,14.6.0,很好！,best
2021-01-27 15:03:55,14.3.0,不错不错,best
2021-01-26 18:36:40,14.1.0,每天的精神食粮,best
2021-01-26 09:54:17,14.5.1,敲好，值得下载,best
2021-01-25 10:20:47,14.4.0,五星好评，杠杠的！,best
2021-01-24 22:18:07,14.5.0,抖音打开了一个新窗口，让我又忙碌了起来！,best
2021-01-24 21:45:29,14.4.0,挺好,best
2021-01-24 21:15:51,14.5.1,可以的，当代鲁迅，当代史官,best
2021-01-24 21:06:04,14.5.1,不错期待更好,best
2021-01-24 18:03:03,14.5.1,挺好玩的APP能交朋友，也能看到很多有趣的东西,best
2021-01-24 17:30:07,14.5.1,不错,best
2021-01-22 18:52:11,14.6.0,搞的不错,best
2021-01-22 07:07:40,14.5.0,抖音上抖一抖，活到九十九。,best
2021-01-21 10:05:00,14.5.0,垃圾,bad
2021-01-20 00:23:15,14.4.0,每天刷,best
2021-01-19 00:12:49,14.5.0,好啊，求关注，名字主播名场面。。。持续更新,best
2021-01-18 17:40:52,14.4.0,好玩好用,best
2021-01-17 19:18:14,14.3.0,我开始我抖音时，就交了好多朋友，谢谢抖音这个软件,best
2021-01-17 12:57:53,12.8.0,棒 棒棒哒,best
2021-01-17 12:23:13,14.4.0,非常不错,best
2021-01-16 18:55:42,14.4.0,很好，现在每天不刷不看几下子，浑身难受,best
2021-01-15 22:40:01,14.3.0,感谢抖音助手给我机会,best
2021-01-15 18:06:51,14.4.0,感谢抖音平台,best
2021-01-15 13:58:23,14.4.0,我来说两句,best
2021-01-14 21:45:43,14.3.0,滴，抖音记录美好生活,best
2021-01-14 13:33:51,14.4.0,作常满意。,best
2021-01-14 10:41:47,14.4.0,为什么我下载不是最新版本啊,best
2021-01-12 22:12:14,14.3.0,好棒啊！,best
2021-01-12 16:33:36,14.4.0,非常好，建议下载,best
2021-01-12 12:45:28,14.3.0,抖音上的都是美女,best
2021-01-11 14:45:37,14.4.0,好评,best
2021-01-11 10:51:27,13.1.0,抖音生活让我们一起成长，加油,best
2021-01-10 17:36:38,14.3.0,真的辣鸡。。莫名其妙把我评论置顶功能禁用了。。问了10多个客服，个个不知道原因。。,bad
2021-01-10 12:30:06,14.3.0,我太爱抖音了,best
2021-01-10 09:02:02,14.3.0,一不留神，抖音成了我的生活,best
2021-01-08 12:59:47,14.3.0,喜欢的APP,best
2021-01-06 18:38:49,14.1.0,非常满意,best
2021-01-06 15:11:51,14.1.0,喂瑞古德杠杠的好好的棒棒的,best
2021-01-04 23:09:17,14.2.0,非常好,best
2021-01-04 20:27:43,3.3.0,比较好看吧,best
2021-01-04 11:45:43,14.0.0,金杯银杯不如大家的口碑，如果不彻底解决问题广告再好木有人下载了…大家都是明白人,bad
2021-01-04 11:14:33,14.0.0,好个喘喘，从20年12月23日5点23分更新到14.0.0版本后黑屏闪退反馈到现在木有解决，重新下载14.0.0版本后不敢更新。明摆着官方欺负我们杂牌手机玩家。,bad
2021-01-04 07:09:36,14.1.0,很不错哦,best
2021-01-04 04:35:49,14.2.0,好棒棒棒哒支持！！,best
2021-01-04 00:44:19,14.0.0,昨晚和今晚观看任务少算亲密度，现在的抖音越来越让人心寒有毒,bad
2021-01-03 17:03:24,14.2.0,挺好的,best
2021-01-03 00:43:23,14.0.0,好个毛线，最新版本黑屏闪退从2020年12月23日下午五点二十三开始反馈到现在没给我解决，今天好不容易找到14.0.0版本不敢更新。支持老版本，吐槽新版本,bad
2021-01-02 23:26:07,14.1.0,较好！,best
2021-01-02 19:11:56,14.2.0,希望抖音更加加强文明化管理,best
2021-01-02 16:16:53,14.0.0,14.0.0版本给五心好评，更新后的版本欺负杂牌手机黑屏闪退不让玩吐槽，杂牌手机不要像我盲目更新，不然黑屏闪退玩不了,best
2021-01-02 15:59:58,14.1.0,nice,best
2021-01-01 16:59:34,14.1.0,交友平台,best
2021-01-01 13:11:09,14.1.0,很好，为大家带来快乐，为大家带来学习的一个平台……请继续改进，务求尽善尽美，努力刚及格，拼命才优秀，逆水行舟，不进则退，………加油加油加油加油………,best
2021-01-01 08:57:50,14.2.0,非常好用，有趣，能学到很多,best
2020-12-31 20:30:47,14.1.0,交流的平台很喜欢的一款软件,best
2020-12-31 02:52:11,14.1.0,一款好的休闲娱乐模式,best
2020-12-29 21:49:46,14.1.0,记录生活中点点滴滴。传播正能量，共建和谐社会。,best
2020-12-29 19:20:00,14.2.0,好非常好。,best
2020-12-29 12:16:57,14.1.0,从2018年玩到现在2020年从未出现过给黑屏闪退，一直都觉得是最好的，舍不得卸载在等待解决好好好玩下去…,bad
2020-12-28 17:28:29,11.8.0,很好,best
2020-12-27 23:51:08,14.1.0,给力,best
2020-12-27 18:47:02,14.2.0,对于在此之前的我来说，抖音他是我全能最专业的顶级老师，也给了像我这样普通人的明星之梦！之后或许他还会在给我快乐的同时养活我！,best
2020-12-27 02:08:19,14.1.0,谢谢抖音陪我度过每一天！,best
2020-12-26 17:40:34,11.6.0,我很喜欢抖音，因为我在里面可以获得很多快乐。,best
2020-12-26 09:39:37,14.1.0,不错，以前娱乐靠他，现在生活工作全指他,best
2020-12-26 00:36:35,14.2.0,不错，可以学到很多东西,best
2020-12-25 20:01:11,14.2.0,抖音是交流的好工具，可动态展示人物形象，还有声音刺激，真不错！,best
2020-12-25 16:53:01,14.1.0,很不错的直播宝贝，厉害了我的哥,best
2020-12-25 08:47:45,14.1.0,请还我14.0.0版本让我好好玩，谢谢不想离开,bad
2020-12-25 02:48:55,14.0.0,希望有查找好友功能手机号,best
2020-12-24 17:20:29,14.2.0,更新到14.2还是依旧直接黑屏闪退，失望,bad
2020-12-24 15:55:05,14.0.0,很好,best
2020-12-24 14:07:41,14.1.0,14.1版本更新后进所有直播间和直播广场直接黑屏闪退，吐槽,bad
2020-12-23 13:48:11,14.1.0,很好,best
2020-12-23 12:20:29,14.1.0,好晚上有空,best
2020-12-23 11:48:11,14.1.0,抖音好玩的很,best
2020-12-22 22:24:21,14.1.0,不错,best
2020-12-22 21:46:43,14.1.0,棒！  经常更新   很喜欢抖音哈   给了很大的快乐！,best
2020-12-22 21:37:33,14.0.0,很好的软件,best
2020-12-21 20:58:54,13.7.0,好非常有精神,best
2020-12-21 20:34:46,14.0.0,nice漂亮,best
2020-12-21 12:26:44,14.0.0,不错不错,best
2020-12-20 22:28:35,14.0.0,我觉得出的最牛的软件了,best
2020-12-19 23:37:50,14.0.0,不错,best
2020-12-19 08:00:44,14.0.0,全民娱乐平台,best
2020-12-18 23:02:45,14.0.0,很好玩的样子哦,best
2020-12-16 21:04:11,11.1.0,安  装。有点慢,best
2020-12-16 20:28:03,13.8.0,你才二十多岁，没遇到喜欢的人很正常，往后你会发现，大概是遇不到了。,best
2020-12-16 20:05:46,14.0.0,tmd，以前抖音这么好，现在尽毁三观。真TM垃圾，一心都想给。,bad
2020-12-16 19:48:13,14.0.0,规范直播平台pk,best
2020-12-16 18:04:46,13.9.0,抖音大爱,best
2020-12-16 13:25:22,13.9.0,多点热门,best
2020-12-16 10:22:55,13.9.0,抖音让人们看到另一个世界,best
2020-12-16 07:20:36,13.9.0,很好用 给人带来很多快乐,best
2020-12-15 09:13:59,13.9.0,更好,best
2020-12-14 19:32:57,13.9.0,好，很好，非常好，特别的好。,best
2020-12-14 08:53:32,13.9.0,好用，厉害,best
2020-12-13 22:37:46,13.9.0,赞赞赞赞赞赞赞赞赞赞赞赞赞赞赞,best
2020-12-13 11:28:24,13.8.0,不闸的,bad
2020-12-13 10:18:15,3.5.0,好看,best
2020-12-13 09:58:30,13.9.0,非常棒的一款视频软件！,best
2020-12-12 18:46:44,13.9.0,开阔视野，了解世界，大情小事，见证奇迹，造就人才，喜怒哀乐！,best
2020-12-12 10:46:37,13.9.0,内容丰富，相当给力，建议下载。,best
2020-12-12 09:17:10,13.8.0,很好,best
2020-12-11 23:38:04,13.8.0,抖音爸爸,best
2020-12-11 15:11:37,13.9.0,孜孜不倦熬夜，勤勤恳恳护肤,best
2020-12-10 22:49:02,13.9.0,很不错的一个软件，可以第一时间获取最新动态,best
2020-12-10 08:08:58,13.9.0,很好的一款软件,best
2020-12-10 06:27:12,13.9.0,抖音是全中国人最喜爱的,best
2020-12-09 19:27:47,13.9.0,非常好，感谢抖音平台给了我一个这么好的平台，让我认识了这么多的人。,best
2020-12-09 17:05:33,13.9.0,独一无二的软件，最爱,best
2020-12-08 16:55:16,13.7.0,可以。抖音可以放松自己。抖音让我开心，快乐！,best
2020-12-08 01:18:59,13.8.0,超好,best
2020-12-07 23:10:14,13.8.0,拍的人越多抖音才能越火！,best
2020-12-07 21:08:53,13.8.0,很好的,best
2020-12-07 13:43:36,13.8.0,内容很丰富，非常满意，支持抖音666,best
2020-12-07 13:41:13,13.8.0,内容很丰富，非常好用，支持抖音666,best
2020-12-06 08:34:36,13.8.0,很棒的软件支持！,best
2020-12-05 21:53:42,13.8.0,非常喜欢,best
2020-12-04 22:24:07,13.7.0,抖音是最好的软件,best
2020-12-04 21:05:58,13.8.0,好用，好用！,best
2020-12-04 19:22:09,13.9.0,很好用，是一款不错的小视频平台。,best
2020-12-04 17:49:49,13.7.0,很多,best
2020-12-04 04:32:19,13.7.0,抖音是最喜欢的短视频app没有之一！,best
2020-12-03 23:16:49,13.7.0,很喜欢,best
2020-12-03 17:07:41,13.7.0,美的很！,best
2020-12-03 13:28:39,13.9.0,每天不点开抖音看看总感觉少点什么,best
2020-12-02 17:03:00,13.7.0,好用，喜欢,best
2020-12-01 20:04:49,13.7.0,红方胜,best
2020-12-01 08:09:13,13.7.0,用的不多好好玩，能学很多东西,best
2020-11-30 09:17:28,13.7.0,视频精彩,best
2020-11-29 22:54:17,13.7.0,抖音短视频内容为王，欢迎创业者逆袭！,best
2020-11-29 13:40:51,13.7.0,超棒,best
2020-11-28 20:33:04,13.5.0,抖音真的特别好，我平时无聊的时候都会打开手机看看抖音，抖音里面什么类型的视频都有！^O^,best
2020-11-27 21:20:54,13.8.0,好用好无聊好精彩,best
2020-11-27 16:08:12,13.7.0,一级棒,best
2020-11-27 15:37:39,13.6.0,不错,best
2020-11-26 22:25:07,13.7.0,优秀平台,best
2020-11-26 12:55:44,13.7.0,一瞬间，一个心念，记录一下。,best
2020-11-26 10:37:14,13.6.0,充满乐趣，打发时间，研究短视频挣米。,best
2020-11-26 00:20:16,13.6.0,超级大平台，娱乐你我他,best
2020-11-25 22:34:36,13.7.0,喜欢抖音,best
2020-11-25 10:15:17,13.7.0,哈哈哈,best
2020-11-24 19:06:21,13.6.0,抖音平台可以找人,best
2020-11-24 11:27:55,13.6.0,好好好好,best
2020-11-23 23:04:47,13.6.0,爱抖音爱抖音给我快乐让我开心,best
2020-11-22 22:24:20,13.5.0,有了抖音让我们生活越来越精彩！,best
2020-11-21 20:38:20,13.4.0,升级难了,best
2020-11-21 10:57:08,13.6.0,奥利给,best
2020-11-21 02:17:27,13.6.0,开心,best
2020-11-20 16:19:43,13.6.0,奈斯!太好用了,best
2020-11-20 06:58:30,13.7.0,好玩,best
2020-11-19 23:03:29,13.6.0,赞赞赞…,best
2020-11-19 21:55:51,13.6.0,抖音不错，曝光了世间不少美与丑，让老百姓有个说话之地。望砥砺前行，不忘初心。,best
2020-11-19 17:31:40,13.5.0,数字玩的6,best
2020-11-18 23:04:41,13.5.0,非常喜欢，特别感谢！感谢抖音,best
2020-11-18 19:09:49,13.5.0,平时看看热闹还是不错的，可以看看新闻。,best
2020-11-17 20:52:26,13.4.0,好看好玩。,best
2020-11-17 18:23:47,13.5.0,我爱抖音，抖音爱我,best
2020-11-17 08:09:25,13.5.0,非常非常好,best
2020-11-16 20:00:38,13.5.0,上次更新后，看视频总是会卡住了，大家有没有这个情况,best
2020-11-16 17:23:03,13.5.0,垃圾快手，还不如抖音好，快手里一一大堆不良小学和烂仔,best
2020-11-16 13:06:32,13.5.0,可以拍视频记录宝贝成长挺好的,best
2020-11-16 05:50:05,13.0.0,抖音很好。有时候没人陪我我就看抖音，就像别人说的看到搞笑的视频就笑看到丧的视频就哭………,best
2020-11-15 21:13:50,13.5.0,对先生的喜欢总是止不住地悸动,best
2020-11-15 19:52:04,13.6.0,抖音牛逼,best
2020-11-14 22:19:16,,鹅鹅鹅,best
2020-11-13 19:39:03,13.5.0,不错，打发时间神器,best
2020-11-13 10:14:44,13.5.0,喜欢 非常喜欢,best
2020-11-12 21:38:18,13.5.0,非常非常好,best
2020-11-12 20:16:23,13.5.0,真的很好，不过变化太大了，能不能改回来呀官方大大,best
2020-11-12 12:46:23,13.5.0,抖音不错不错，是我玩的手机软件,best
2020-11-11 19:24:51,9.5.0,513331200706120937,best
2020-11-11 19:19:22,9.5.0,非常感谢谢你们,best
2020-11-11 03:56:07,13.2.0,懂我的   只有抖音   让我快乐的也只有抖音,best
2020-11-10 21:38:16,13.4.0,我来为我们的抖音点赞了，很棒的app，我一直都在用它,best
2020-11-10 09:44:03,13.4.0,这是最满意的平台：给人家带来无限的欢乐，,best
2020-11-10 07:23:14,13.4.0,记录心情,best
2020-11-09 22:31:46,13.4.0,棒棒哒,best
2020-11-09 21:15:52,13.4.0,不开心的时候刷刷抖音吧,best
2020-11-09 19:27:00,13.4.0,非常不错！本人已经着魔,best
2020-11-09 18:58:51,13.4.0,抖音加油，希望美国的迫害不影响中国的进步,best
2020-11-09 17:07:45,13.4.0,都很好,best
2020-11-08 22:59:13,13.4.0,非常好,best
2020-11-08 13:53:36,13.4.0,在国内，抖音这个短视频社交平台已经融入我们的生活，希望以后越来越人性化，给大众更好的平台，让人人都用得上。,best
2020-11-08 11:31:08,13.4.0,离不开了,best
2020-11-08 11:20:48,13.4.0,好看,best
2020-11-08 10:48:10,13.4.0,哦，哦，哦哦哦哦哦哦哦哦哦耶！,best
2020-11-07 20:47:21,12.6.0,哈哈哈,best
2020-11-07 19:43:31,13.4.0,好用,best
2020-11-07 15:22:06,13.4.0,挺好的,best
2020-11-07 05:35:31,13.2.0,非常好,best
2020-11-06 19:07:33,13.4.0,好滴,good
2020-11-06 13:06:32,13.4.0,很好,best
2020-11-06 11:35:43,13.4.0,感谢抖音,best
2020-11-06 00:13:04,13.4.0,实在是太棒了，里面有很多漂亮帅气的小姐姐和小哥哥！！,best
2020-11-05 23:08:02,13.4.0,无话可说，,good
2020-11-02 17:50:35,13.2.0,还阔以吧，就是里面卖货拖拖拉拉，货也参差不齐,best
2020-11-01 22:04:43,13.2.0,棒棒哒,best
2020-11-01 21:06:08,13.2.0,太好了抖音,best
2020-11-01 15:15:26,13.2.0,完美的一个平台，记录着时刻的心酸，激励着奋斗的决心。,best
2020-11-01 15:01:46,13.2.0,好用,best
2020-11-01 10:49:24,13.4.0,挺好的,best
2020-11-01 08:16:03,13.4.0,不错,best
2020-10-31 23:36:35,13.2.0,哇……咩吔睇,best
2020-10-31 23:03:02,13.2.0,天天限流,bad
2020-10-30 22:26:58,13.2.0,很好看很好用，能提钱,best
2020-10-30 21:38:09,13.2.0,啊巴啊巴,best
2020-10-30 21:25:09,13.3.0,抖音及的确是个好平台，咱老百姓的平台，百姓的力量是大的，请相信我们,best
2020-10-30 21:05:58,13.2.0,好用,best
2020-10-30 09:40:20,13.3.0,不错不错,best
2020-10-29 09:26:07,13.2.0,抖音短视频给我带来娱乐和学习很多知识，我喜欢抖音，感谢抖音平台。,best
2020-10-29 06:16:28,13.1.0,好好，。。。。。。。。,best
2020-10-28 17:02:11,13.3.0,好用,best
2020-10-28 05:43:35,13.3.0,"j

人多，灵魂摆渡，感受到故事成精",best
2020-10-28 00:50:53,13.2.0,感觉挺好,best
2020-10-27 13:22:23,13.3.0,非常的好用。,best
2020-10-27 11:36:04,13.3.0,抖音让我学会了许多，让我开心快乐！,best
2020-10-26 13:01:19,13.2.0,刚开始用，还不懂得熟悉各方面的技巧！慢慢来！,best
2020-10-25 10:44:26,13.2.0,如果不限流的话，那就很nice,best
2020-10-25 07:54:05,,可以说抖音就是一个小社会。是一个建立在网上的小社会。,best
2020-10-25 07:51:00,13.3.0,抖音现在成了我生活中的全部。看医药普及知识，听专家讲科学知识。跟着老师学习养生打坐。 晚上听着催眠音乐安然入睡。早上看新闻，做早操。这是一款最全面的软件。各行各业都能在上面找到自己的同伴和知己。各层各界都能在这个软件上。找到自己想听想看想说想知道的一切。从古老传统艺术。到最新到前沿科技。从名人新秀到普通百姓。都在这个软件上找到了自己的发挥和施展才能的舞台。可以说现在几乎找不到不玩抖音的人了。,best
2020-10-24 23:33:34,13.2.0,还可以,best
2020-10-24 21:44:21,13.2.0,同心难改具体时间特殊教育的太多建议大家有实验课都可以,best
2020-10-24 20:14:49,13.1.0,很好用,best
2020-10-24 17:03:57,13.1.0,抖音非常好给我们的文化生活带来了便利,best
2020-10-24 16:47:24,13.1.0,抖音当然好了天天看每天都在看,best
2020-10-24 16:42:54,13.0.0,非常好，我真的太太太太喜欢抖音了,best
2020-10-24 14:07:28,13.2.0,有点无聊的时候就会看。,best
2020-10-24 08:26:22,13.2.0,超好用的平台！,best
2020-10-23 18:33:34,13.2.0,功能强大，不断更新，非常喜欢,best
2020-10-23 16:30:31,13.2.0,用抖音拍视频，大家都自信了,best
2020-10-23 13:57:26,13.2.0,非常好,best
2020-10-23 01:21:41,13.2.0,三观尽毁,bad
2020-10-22 21:49:55,13.2.0,抖音还是比较好的。不怎么经常出门的我最起码能知道世界各地的事情。还一方面就是能提升我的剪辑技能。,best
2020-10-22 12:54:45,13.1.0,没啥可说的挺好用就行啊 你们说呢,best
2020-10-21 19:49:16,13.2.0,时尚快乐！,best
2020-10-20 18:00:14,,不错不错不错,best
2020-10-19 18:02:56,13.0.0,不错！,best
2020-10-19 10:01:13,13.1.0,不错，给人带来快乐,best
2020-10-18 17:29:16,13.1.0,还可以 不错不错不错不错不错不错不错不错不错不错不错不错,best
2020-10-18 09:39:59,13.1.0,还可以,best
2020-10-18 09:35:26,13.1.0,lj软件用着这么卡,bad
2020-10-17 20:14:32,13.1.0,太好了 太好玩了,best
2020-10-17 17:38:37,9.6.0,〉我？？？，。。。嗯，。，，,best
2020-10-17 15:41:29,13.1.0,用了一段时间过来评价，目前最好用的短视频了,best
2020-10-16 23:03:08,13.1.0,停不下来,best
2020-10-16 20:55:11,13.1.0,emmmm我该说点啥？,best
2020-10-16 18:00:24,13.1.0,抖音为普通个体商户提供了一个展示自己的平台，为销售职业重新做了定义，很好的执行了古语：物以类聚人以群分,best
2020-10-16 15:54:41,13.0.0,同是九年义务教育，为何你如此优秀,best
2020-10-15 17:56:03,13.1.0,没下抖音之前我很无聊，什么也不能干，下载之后我觉得抖音很有趣，可以解除我的郁闷,best
2020-10-15 15:41:33,13.1.0,一星都不想给,bad
2020-10-15 12:35:12,13.1.0,很好看,best
2020-10-15 05:34:37,13.1.0,非常不错，加油！,best
2020-10-13 23:11:00,12.8.0,不带抖音号更好了,best
2020-10-13 20:28:57,13.0.0,抖音一个打扰我写作业东西。我太难了，刷抖音刷到停不下来，作业都不写了。,best
2020-10-13 09:41:27,13.1.0,开发智力和潜力的平台,best
2020-10-13 08:27:45,13.0.0,好好好,best
2020-10-11 21:05:01,13.0.0,很好。,best
2020-10-11 15:06:19,13.0.0,很有趣,best
2020-10-08 22:32:05,13.0.0,獭兔不OK农机局涂总图天咯得分率他,best
2020-10-08 18:40:27,13.0.0,好赞,best
2020-10-07 10:16:18,13.0.0,很好的平台,best
2020-10-07 01:46:58,13.0.0,很好,best
2020-10-06 17:04:26,13.0.0,牛逼呀,best
2020-10-05 12:51:25,13.0.0,太好了！,best
2020-10-05 08:22:01,13.0.0,把美丽留给大家,best
2020-10-04 11:18:23,12.2.0,我拍视频天天限流，我这玩意儿有意思吗？没以前那么好玩了,bad
2020-10-03 16:11:07,10.8.0,正能量和搞笑是我最喜欢的,best
2020-10-03 15:20:53,13.0.0,好看的皮囊，有趣的灵魂应有尽有。,best
2020-10-03 02:02:39,13.0.0,很好,best
2020-10-01 21:56:34,13.0.0,好用,best
2020-10-01 09:26:19,13.0.0,抖音短视频非常好看，,best
2020-10-01 07:20:07,12.7.0,特别好,best
2020-09-29 07:42:04,13.0.0,抖音变成了交易平台，变成了炫富平台，变成了逗比平台,best
2020-09-28 07:17:53,13.0.0,很好学到很多东西,best
2020-09-26 17:19:51,12.8.0,永远支持,best
2020-09-26 15:13:10,13.0.0,抖音带来了不一样的生活,best
2020-09-26 10:11:44,12.2.0,特别好用,best
2020-09-26 08:41:47,12.9.0,太好了＾０＾~有了抖音，从此不再孤单。,best
2020-09-26 08:32:37,12.8.0,啦啦,best
2020-09-25 20:31:04,12.8.0,嘻嘻,best
2020-09-24 14:30:30,12.9.0,好用的狠,best
2020-09-24 08:36:48,12.9.0,抖音短视频真的好，特别喜欢,best
2020-09-24 07:20:24,12.4.0,非常好啊啊啊啊啊啊,best
2020-09-23 22:04:39,12.9.0,确实不错,best
2020-09-23 20:19:22,12.9.0,这实在太好了，可以说是软件里面最好的一个啦。,best
2020-09-22 18:02:10,12.7.0,都用的特别好,best
2020-09-21 20:42:48,12.8.0,拍视频,best
2020-09-21 08:45:32,12.8.0,记录美好时光,best
2020-09-20 21:56:29,12.9.0,很好的短视频！,best
2020-09-20 10:20:47,12.8.0,视频有各方各面的，还挺齐全的,best
2020-09-20 08:54:37,12.6.0,感谢平台，让我刷到30多年没有见到的她，现在知道她的一切，,best
2020-09-19 22:22:48,12.8.0,挺好用的，可以解忧解闷,best
2020-09-19 19:02:22,12.8.0,开看个直播还卡成gou，评论都换小号看不见，举报举报举报不了，我日，nm吃奋粪去吧一群废物，祝抖音倒闭,bad
2020-09-19 16:10:47,12.8.0,抖音让我认识了很多朋友。,best
2020-09-19 14:17:12,12.8.0,抖音拍照好看，非常好用。,best
2020-09-19 09:58:54,12.8.0,听说抖音刷8小时会触死，我已经刷了7小时59分59秒。,best
2020-09-19 05:53:34,12.8.0,非常好的软件诶,best
2020-09-18 17:21:56,12.8.0,我非常喜欢,best
2020-09-18 03:52:32,12.4.0,丰富多彩,best
2020-09-18 01:51:01,12.8.0,APP分类！ 各种视频管制严格  游戏推广也不错！,best
2020-09-17 15:22:22,12.6.0,不错！！！！！,best
2020-09-15 18:50:26,12.7.0,好东西大家分享，抖音分享生活,best
2020-09-15 18:22:18,12.8.0,很不错的是短视频，我看着挺好,best
2020-09-14 20:58:31,12.1.0,~~,best
2020-09-14 18:23:54,12.8.0,抖音唯一不足之处在于，用背景音乐制成的短视频最多就只有一分钟，能否延长到两分钟？这样，有的人才能把能力和才艺完美地展示和表达出来。,best
2020-09-13 22:53:16,12.7.0,神了！,best
2020-09-12 22:01:15,12.6.0,好用的很！大家快点下载！,best
2020-09-12 20:46:57,12.6.0,闲聊闲聊,best
2020-09-12 19:11:36,12.7.0,用2年多了，可以。,best
2020-09-12 16:37:55,12.7.0,非常喜欢非常感谢,best
2020-09-12 13:42:22,12.8.0,哈哈，爱死了,best
2020-09-12 12:27:12,12.5.0,真的非常好看，我一会儿就去看抖音。,best
2020-09-12 02:04:43,12.4.0,抖音短视频是款男女老少的APP,best
2020-09-11 22:51:25,12.7.0,也看。也拍。消磨时间挺好。也能学不少东西,best
2020-09-11 04:13:15,12.6.0,感谢抖音关方绿色平给我展示自我的机会网络上交朋友一起努力工作学习赚钱养家让我们的生活更加美好幸福快乐健康长寿谢谢。,best
2020-09-10 22:13:04,12.7.0,感谢抖音平台，让我们分享美好生活,best
2020-09-09 21:02:22,12.7.0,特别好用，播放量很高。,best
2020-09-08 18:27:57,12.6.0,抖音短视频是一款很不错的软件，只不过是用户有很多都是xxs所以风气较差，当然还有其他因素（xxs指幼稚愚蠢的人）,best
2020-09-06 23:33:04,12.6.0,好好用。,best
2020-09-06 22:57:53,12.6.0,为啥我下载的才5m,best
2020-09-06 20:47:32,12.6.0,抖音短视频就是这么吊,best
2020-09-06 18:39:31,12.5.0,不错！很方便！,best
2020-09-06 16:39:53,12.6.0,好评好评,best
2020-09-06 12:20:53,12.6.0,没啥可说的,best
2020-09-06 11:22:55,12.6.0,好！太有意思了！,best
2020-09-06 08:50:49,12.4.0,这个软件真的是有病不分是非黑白就随便封人家号，不封那些侵犯女生隐私的好，也不封那些营销号,bad
2020-09-05 14:53:13,12.6.0,好失望啊，以前发好多视频都给上首页，现在发啥视频都不给通过，都说我违规了，我拍自己也违规，我长得很违规吗？彻底失望了，这是在逼我去美拍啊，人家美拍我传上去都通过了，抖音别人发啥都通过，我发啥都不通过，我是被抖音拉黑了吗？我没做违法的事啊，我就是把影视剧剪一小片段，然后配音，是我自己配的，我加上我的人视频，放在下面，制作的多精美，还说我违规，动画片樱桃丸子，就1分钟多，你都说我违规，别人咋给过，以前我发这类视频怎么给过，现在我发连给我审核的机会都不给直接给我pass了，非得把我弄心冷了是吧，我想肯定不止我一个人遇到这样的情况，你们这是要朝着方法撵人走是吧，看我们是普通人，所以我长得违规是吧，看来这里不适合我们普通人在这里了，我走了，喜爱配音的我，找能容得下我的地方去了。,best
2020-09-05 14:03:43,12.6.0,这真好用,best
2020-09-05 09:18:42,12.6.0,很好，我特别喜欢,best
2020-09-04 21:39:00,12.6.0,真好，我最喜欢抖音了，他一出来我就看了,best
2020-09-04 18:05:09,12.5.0,有时候都找不到自己想要的音乐。,best
2020-09-04 15:13:23,12.6.0,非常满意的,best
2020-09-04 09:31:18,12.6.0,一不小心点到软件广告就立刻下载，断网也停不了，非给安装上，我干你大爷的，浪费我流量，一星都嫌高,bad
2020-09-04 06:51:28,12.6.0,提供了一个让每个人可以展示的平台，非常棒,best
2020-09-03 07:20:25,12.4.0,……,best
2020-09-02 21:18:57,10.5.0,抖音是个好东西，可以让我们都在认识朋友。,best
2020-09-02 10:08:11,12.5.0,很有意思的app，休闲，学习都用得上。,best
2020-09-01 11:25:45,12.5.0,希望大家在抖音这个平台上多发一些正能量作品,best
2020-09-01 00:43:50,11.2.0,抖音需要的内容很精准，学习，思维，精神励志。是一款很全面积极向上的app，大大支持,best
2020-08-31 19:59:55,12.5.0,阿巴阿巴,best
2020-08-31 18:38:29,12.5.0,白天不是美女就是搞笑，晚上不是吃播就是鬼片,best
2020-08-31 13:25:34,12.2.0,好好,best
2020-08-31 11:20:28,12.5.0,太好了，太好了，太好了，太好了，太好了，太好了，太好了，太好了，太好了，太好了，太好了，太好了，太好了，太好了，太好了，太好了，太好了，太好了，太好了，太好了，只要不封我的号就好，太好了,best
2020-08-30 23:20:22,12.5.0,希望抖音爸爸能不能不让我限流？,best
2020-08-30 21:18:13,12.5.0,抖音已成为生活中的一份子,best
2020-08-30 14:29:43,12.2.0,好完,best
2020-08-30 00:14:01,12.4.0,牛逼,best
2020-08-29 12:45:24,12.5.0,好用,best
2020-08-29 08:07:54,12.5.0,在抖音可以记录美好生活,best
2020-08-28 12:32:07,12.5.0,抖音非常好,best
2020-08-28 11:55:01,12.5.0,这个APP真的好玩。,best
2020-08-27 10:15:09,12.6.0,很好，但是可以针对有些客户,best
2020-08-27 08:08:42,12.5.0,好看,best
2020-08-26 23:22:03,10.8.0,我的手被划了一口子，你也划一下，这样我们就是两口子。,best
2020-08-26 21:57:38,12.4.0,还算可以！就是太费流量,best
2020-08-26 21:45:25,12.1.0,喜欢,best
2020-08-26 21:26:10,12.4.0,喜欢就是喜欢，追个星都要被封号，有本事你来封我TM不拍你大不了再开一个号用同样的头像、名字你来封啊！,bad
2020-08-26 20:31:48,12.5.0,超级好用,best
2020-08-26 17:52:47,12.5.0,非常好玩,best
2020-08-26 17:29:13,12.5.0,一堆广告。,bad
2020-08-26 15:13:59,,特别特别地good,best
2020-08-26 11:13:26,12.2.0,我不知道为什么这个这么大内存，比我QQ还大，能优化一下内存吗,best
2020-08-26 11:12:38,12.5.0,多留些正义感的，,best
2020-08-25 22:35:01,12.4.0,新闻第一时间，有图有真相！更有精彩的评论,best
2020-08-25 18:54:26,12.4.0,抖音很好啊，可以把自己看到的好的，坏的事传播分享,best
2020-08-25 12:28:35,,怎么下载电脑版,best
2020-08-25 12:11:11,12.4.0,很好用,best
2020-08-25 08:18:58,12.5.0,抖音,best
2020-08-24 20:39:50,11.3.0,怎么说呢，以前的抖音很好。现在火了，什么人都有，评论区简直不能看，毁三观啊,bad
2020-08-24 17:56:33,12.4.0,精神毒品，毁我家庭,bad
2020-08-24 10:09:01,12.4.0,有生以来见过最恶心的软件，不谈跪族高层，nmd一天到晚只会打流氓广告，动不动下载了不知道几次。搞那么多下载次数一半以上都nm是流氓进来的。推这种流氓广告是没了马不？祝早日倒闭,bad
2020-08-24 02:26:58,11.8.0,超级喜欢抖音，有了抖音生活才更美好，而且也没广告什么的,best
2020-08-23 21:59:30,12.4.0,每天刷刷刷,best
2020-08-23 18:51:51,12.4.0,呃…就,best
2020-08-23 17:18:28,12.4.0,"好评好评
关键词热搜:八八果鲜，更多惊喜等你发现",best
2020-08-22 22:40:44,11.8.0,很好,best
2020-08-22 22:25:30,11.6.0,很好！,best
2020-08-22 15:32:37,12.4.0,很差很差很差很差,bad
2020-08-22 14:44:54,12.4.0,特别好看 建议大家可以去看一下 不看不好看 我背锅,best
2020-08-22 14:28:43,12.4.0,"垃圾软件，
毁我青春",bad
2020-08-22 08:00:25,12.4.0,我很喜欢抖音，一刷抖音就停不下来了,best
2020-08-21 22:03:37,12.4.0,随时在线，最新视频,best
2020-08-21 17:36:03,12.4.0,很差很差很差,bad
2020-08-21 14:33:23,12.4.0,第一次用试试，好用推荐给身边的朋友,best
2020-08-21 09:28:46,12.3.0,挺好,best
2020-08-20 22:16:08,12.2.0,挺好,best
2020-08-20 21:32:45,12.4.0,天天限流，挺好的,best
2020-08-20 19:46:04,12.4.0,我希望官方可以管管大家的申诉和举报，也管一下哪些键盘侠,best
2020-08-20 15:14:32,12.4.0,视频能体现人的生活状态！,best
2020-08-20 11:53:45,12.1.0,"不错不错，非常好用，我抖音号 LISAxzm
关注我，我会回关哒~",best
2020-08-20 09:22:50,12.2.0,抖音很好，让我看到了人间的喜怒哀乐，真好。。。。。。,best
2020-08-20 08:18:27,12.2.0,很好用！,best
2020-08-19 19:11:21,12.3.0,红方,best
2020-08-19 18:28:42,12.4.0,流量太少,best
2020-08-19 17:39:24,12.3.0,这是每个有手机的用户标配,best
2020-08-19 14:50:55,12.3.0,好的,best
2020-08-19 14:47:35,12.3.0,很多明星都在用耶,best
2020-08-19 01:37:16,12.3.0,扎西德勒,best
2020-08-18 22:51:23,12.3.0,就是好使，没毛病，抖音爸爸,best
2020-08-18 21:09:17,12.2.0,很棒,best
2020-08-16 15:53:40,12.2.0,天天耍  但是就是不火,best
2020-08-16 09:32:42,12.1.0,还行,best
2020-08-16 01:01:20,12.2.0,感谢抖音平台，太棒了,best
2020-08-15 22:06:30,12.2.0,如果你不喜欢用抖音你可以不用啊！反正我好评，同意的点赞我！,best
2020-08-15 20:10:03,12.4.0,就爱刷抖音，特别有意思,best
2020-08-15 15:08:11,12.2.0,好看。,best
2020-08-15 13:09:08,12.2.0,抖音记录跪舔生活,bad
2020-08-15 12:04:23,,416526,best
2020-08-15 08:30:04,12.2.0,很好,best
2020-08-14 22:58:34,12.2.0,一直非常棒,best
2020-08-14 20:47:26,12.3.0,很好,best
2020-08-14 15:56:34,12.2.0,有趣，可信！,best
2020-08-14 12:32:56,12.2.0,真不知道你做抖音干什么垃圾,bad
2020-08-14 02:25:08,12.2.0,抖音，记录美好生活,best
2020-08-13 21:15:18,12.2.0,不错不错,best
2020-08-13 10:50:43,12.2.0,辣鸡,bad
2020-08-12 21:42:07,12.2.0,张一跪，这一跪，就别想再在国家面前站起来,bad
2020-08-12 11:02:04,12.2.0,很棒,best
2020-08-12 02:38:37,12.2.0,默认好评,best
2020-08-11 18:50:38,12.2.0,挺好的,best
2020-08-11 12:36:55,12.2.0,比起看视频或发视频，我更喜欢打差评，火星企业去si,bad
2020-08-11 10:16:39,12.2.0,很好看的！,best
2020-08-11 07:59:48,12.3.0,怂！,bad
2020-08-10 18:43:31,12.2.0,贴近生活，生活小助手！万能了...,best
2020-08-10 15:51:46,,我爱抖音，但更爱中国，已注销卸载,bad
2020-08-10 13:20:58,12.2.0,青春有活力,best
2020-08-10 12:25:21,12.2.0,我很喜欢抖音这个平台。,best
2020-08-10 09:57:41,12.3.0,抖音视频已经离不开你了,best
2020-08-10 06:51:48,12.3.0,抖音这个平台太好了，每个人都能通过这个平台展示自己的才艺……,best
2020-08-10 06:17:59,12.1.0,好用,best
2020-08-09 19:52:14,12.2.0,。。。,bad
2020-08-09 19:00:17,12.3.0,浪费时间，无聊视频太多，负能量太多，让人不快乐。,bad
2020-08-09 17:34:28,12.2.0,失民心者，跪着爬。,bad
2020-08-09 16:33:25,12.2.0,不要吃着国内的大米，还要跪舔美帝。,bad
2020-08-09 15:35:32,12.2.0,是一个很好的交流展示才艺的平台,best
2020-08-09 14:50:16,12.2.0,很好用，不过每次一看美食我就流口水,best
2020-08-09 13:46:24,12.2.0,垃圾应用，官方就是一龟孙子，怂包，为了流量无下限，容忍垃圾主播盗视频，我下载就是为了给一星，垃圾，垃圾，垃圾，祝抖音官方孤独终老，永远是个孤儿,bad
2020-08-09 13:43:07,12.2.0,可以好平台,best
2020-08-09 13:39:30,12.2.0,安装抖音短视频,best
2020-08-09 07:05:00,12.2.0,垃圾软件，不想多说了,bad
2020-08-09 01:06:11,12.2.0,"软弱无力，待宰羔羊 。 从来没用过跪族软件 专门下载来评论
然后继续回哔哩哔哩刷视频",bad
2020-08-08 21:40:02,12.2.0,"抖音没有脸，所以只会舔。明明有着腿，
依然要下跪。",bad
2020-08-08 21:16:41,12.3.0,看视频能学到很多知识，很好的app，自己也可以拍视频记录生活,best
2020-08-08 21:10:21,12.2.0,不错,best
2020-08-08 16:37:25,12.2.0,今日割五城，明日割十城，然后得一夕安寝。起视四境，而秦兵又至矣。然则诸侯之地有限，暴秦之欲无厌，奉之弥繁，侵之愈急。故不战而强弱胜负已判矣。至于颠覆，理固宜然。古人云：“以地事秦，犹抱薪救火，薪不尽，火不灭。”此言得之。,bad
2020-08-08 15:57:06,12.2.0,没有抖音极跪版好用。,bad
2020-08-08 15:33:19,11.6.0,"第一次评论APP,很垃圾，如果是纯娱乐平台看看美女，应该给10分。很多无良商家卖东西，很便宜，全是坑。上当了",bad
2020-08-08 15:32:26,12.2.0,光速下跪，不配出现在我的手机里,bad
2020-08-08 14:22:47,11.6.0,卸载了，软骨头，投降派，看你怎么被美帝玩死,bad
2020-08-08 11:22:41,12.2.0,没什么意思,bad
2020-08-08 10:45:39,12.2.0,十分好的社交软件，还可以建群,best
2020-08-08 09:16:00,12.2.0,"懂王：我还没掏枪呢，你怎么就倒了呢？
字节：这不显得您枪法准嘛！",bad
2020-08-08 06:41:43,12.2.0,刷新了投降时间记录，你很棒棒呦,bad
2020-08-08 02:14:34,12.2.0,已注销卸载，特意下载来骂张狗，一星都不想给丢国家脸，赶紧光速滚出中国。做你的全球化去。,bad
2020-08-08 00:26:41,12.2.0,以地事秦，犹抱薪救火，薪不尽，不灭火。给一星不为啥，就是看不起软骨头。,bad
2020-08-07 23:37:24,12.2.0,辣鸡软件汉奸产品去当美国走狗吧爷卸了滚出中国,bad
2020-08-07 23:28:59,12.2.0,软柿子！中华五千年的骨气哪去了,bad
2020-08-07 22:08:38,12.2.0,因疫情期间作者没什么好说的,best
2020-08-07 21:21:36,12.2.0,不错ApP还可以看视频赚钱！,best
2020-08-07 19:12:36,12.2.0,这个平台真的好，让我有机会当主播，就是粉丝有些少,best
2020-08-07 11:32:08,12.2.0,我本来删了抖音，我为什么下回来了？就是为了给这种跪族软件打一星，张总宁和宁的员工跪的真快啊，好一个国际企业啧啧啧,bad
2020-08-07 10:19:23,12.2.0,这抖音怎么降低一个版本？？,good
2020-08-07 10:07:06,12.1.0,垃圾跪的容易，关节松动，爬远点,bad
2020-08-07 10:05:02,12.2.0,为美国舔狗的垃圾。,best
2020-08-07 06:28:21,12.0.0,很好用，有时候心情不好的时候，看一看心情好了,best
2020-08-07 06:13:13,10.5.0,"华为:跪着把钱挣了，寒碜不？
抖音:我跪着钱还没挣到，你说寒碜不？  
华为:还真是寒碜！",bad
2020-08-07 01:19:41,12.2.0,抖音更新后想恢复旧版,best
2020-08-06 23:55:35,12.2.0,动不动就封号，自己垃圾广告那么多。别人发一个，就封号。,bad
2020-08-06 23:09:05,12.2.0,特地下载了注销账号再删掉，要删的人注意先注销掉账号，不然这种香蕉人做的的玩意谁知道什么时候拿你用户数据去卖国求荣呢?至于跪族们，反正你们也跪习惯了，继续跪着吧，毕竟没脊梁骨习惯了嘛←_←,bad
2020-08-06 22:25:06,12.0.0,好用,best
2020-08-06 22:17:21,12.1.0,怂包，你不配拥有用户，以后不会在用这垃圾汉奸APP,bad
2020-08-06 21:47:07,12.1.0,呸呸呸呸,bad
2020-08-06 21:24:28,12.2.0,好评,best
2020-08-06 21:07:37,12.2.0,假如我们不去打仗，这是奴隶。,bad
2020-08-06 20:14:03,12.2.0,专门下载回来打差评注销账号。差评，垃圾app,bad
2020-08-06 19:41:42,12.2.0,抖阴是个狗东西，QQ也是个狗东西[em]e400408[/em][em]e400408[/em][em]e400408[/em]老子骂抖阴你就限老子流，牛尼玛逼啊,bad
2020-08-06 18:41:10,12.1.0,怎么说np,best
2020-08-06 17:37:00,12.2.0,哎呀，这国际化软件了真棒，喜欢大家多多支持,bad
2020-08-06 17:10:03,12.2.0,跪族字节跳动啊，软骨头，肯定得五星，分期给。,bad
2020-08-06 16:40:51,12.2.0,张一跪,bad
2020-08-06 15:20:39,12.2.0,这就是跪族？,bad
2020-08-06 10:30:38,12.2.0,吃里扒外的软骨头，脸都不要了，硬是跪舔，张一鸣你挺tm恶心啊。,bad
2020-08-06 09:02:40,12.2.0,啥也不说，懂的都懂,bad
2020-08-06 01:51:20,11.6.0,您就算腿软，好歹也看清局势啊。为了美国那点儿利益，不顾国民感受了？好歹是中国人民让您赚到了第一桶和后面无数桶金，你就为了老美那点儿蝇头小利放弃整个国内市场？亏咱们之前还那么支持你。算了，不说了，我卸载了。您啊，跪着就好,bad
2020-08-05 23:15:17,12.1.0,好玩好用又好看,best
2020-08-05 21:41:26,12.2.0,你这跪的忒快了吧,bad
2020-08-05 19:50:34,12.2.0,我的等爸爸,best
2020-08-05 19:30:11,12.2.0,厉害了，去中国化的全球企业,bad
2020-08-05 17:29:35,12.1.0,叛国,bad
2020-08-05 16:45:42,12.1.0,垃圾呦,bad
2020-08-05 14:08:31,12.1.0,真的超级超级棒呢！,best
2020-08-05 13:33:58,12.1.0,好的很嘞,best
2020-08-05 12:34:23,12.1.0,张一鸣一直在强调我们是全球化的企业，和中国没有关系，就生怕美国爸爸制裁。你以为跪着就有钱赚吗？在全球行走的资本，都是国与国的博弈,bad
2020-08-05 12:27:46,12.1.0,国人的骄傲,best
2020-08-05 11:31:28,12.1.0,看直播秒退,bad
2020-08-05 11:14:02,12.1.0,别限流限的太厉害了。,best
2020-08-05 06:54:53,11.9.0,爬爬爬,bad
2020-08-05 06:42:40,12.1.0,下载的唯一原因就是给这坨资敌玩意打个一星。,bad
2020-08-04 23:41:11,12.1.0,垃圾软件，去你爸爸那跪着吧，老子不配用你这精美软件,bad
2020-08-04 23:15:53,12.1.0,b站看见新闻特意来看看，虽然我用抖音少，但是这种软骨头软件还是卸载了吧，滚吧，一星都不想给,bad
2020-08-04 22:49:25,12.1.0,卧槽一点民族气节都没有，跪的真快，投降的傻逼玩意。你全家女的都被轮,bad
2020-08-04 20:44:58,12.1.0,可以说是很好，特别好，非常好,best
2020-08-04 20:40:46,12.1.0,垃圾软件，垃圾公司，国家的脸都被你们丢尽了,bad
2020-08-04 20:12:10,12.1.0,跪族张一鸣，抖音不是不可替代！精神美国人啊，赶紧回你的母国吧,bad
2020-08-04 18:59:40,12.1.0,比法国还快我是没想到,bad
2020-08-04 18:07:47,12.1.0,败类指的就是字节跳动这种烂泥扶不上墙的东西吧,bad
2020-08-04 17:32:05,12.1.0,没人会同情了,bad
2020-08-04 16:12:52,12.1.0,废物，丝毫没有民族气节，忘了你是谁了吗？,bad
2020-08-04 15:52:02,12.1.0,张一鸣爬,bad
2020-08-04 15:36:13,12.1.0,"不抵抗投敌，软骨头！
卸载了发现不能评论，果断下载，各个市场1星，再卸载！
中国的耻辱，民族的败类！",bad
2020-08-04 14:48:29,12.1.0,"为一分才下载的，不要误会。我是不会玩
了，你严重危害中国国家安全。",bad
2020-08-04 14:44:43,12.1.0,字节跪动,bad
2020-08-04 13:51:29,12.1.0,贱骨头抖音和你的精美公知张一鸣永远滚去美国别回来,bad
2020-08-04 13:34:33,12.1.0,"国内应该把抖音给禁了，免得它把信息转移传送到tik tok,危害国家安全！",bad
2020-08-04 13:27:41,6.2.0,垃圾舔狗，先注销后卸载,bad
2020-08-04 12:49:52,12.1.0,字节跪动，跪的太快，种花想扶都没机会，卸载了,best
2020-08-04 11:56:11,12.1.0,卖国贼，耻辱的卖贼,bad
2020-08-04 11:45:43,10.7.0,很好用,best
2020-08-04 09:28:55,12.1.0,垃圾抖音，跪的比谁都快。,bad
2020-08-04 09:01:12,12.1.0,垃圾，跪舔美狗，还雇这么多没良心的水军洗白，真以为离了中国能在海外风生水起？即便你脱离中国，在外国人眼中你永远是一家中国企业，一旦你做大做强，随便找个借口想捏死就捏死，想制裁就制裁，只有国家强大了，外面才有你真正的地位,bad
2020-08-04 07:15:13,12.1.0,喜欢抖音短视频，玩抖音，开心快乐每一天…,best
2020-08-04 04:03:07,12.1.0,张一鸣这种精美资本家必须抵制。,bad
2020-08-04 03:01:36,12.1.0,丑国施压都不带反抗的？一点骨气都没有？上去就投降了，就知道签丧家辱国条约的，以后其他国家也这么干你，我看你怎么收场。事业做大了走出了，代表的的不是个人，丢人的自己去签丧假辱国，失去一个丑国换来的就是尊严。还不卸载了留着干嘛？,bad
2020-08-04 00:33:20,12.1.0,卸了，跪的太快了吧,bad
2020-08-03 23:44:01,12.1.0,没骨气的东西，挺一秒都不行?资本家不愧是资本家，只对资本低头,bad
2020-08-03 23:01:08,12.1.0,张一鸣的腿是真的软，你跪舔你美爹，屁股后面加个尾巴都能当电风扇了，你他娘的是一个好奴才。,bad
2020-08-03 21:21:59,12.1.0,垃圾,bad
2020-08-03 20:20:06,12.2.0,寓教于乐！生活伴侣！,best
2020-08-03 16:48:42,12.1.0,我们升斗小民不懂大道理，卖tiktok和签订丧权辱国的条约有什么不同。那么多年了，我们的才真正站起来，如果卖了，不在爱,bad
2020-08-03 11:10:13,12.1.0,很好用 ，里面人才济济,best
2020-08-03 07:53:43,12.1.0,很好的软件！,best
2020-08-03 07:20:30,10.2.0,傻逼字节跳动的腿真软，跟个狗似的就是纯纯的美国企业。,bad
2020-08-03 04:25:18,12.1.0,抖音短视频，360软件强制要求21个字以上的评论，强烈鄙视！！！,best
2020-08-03 03:03:43,12.1.0,吔屎啦，张一鸣,bad
2020-08-02 23:04:21,12.1.0,"软骨头   软骨头  软骨头   法国当年好歹坚持了44个小时  你张一鸣直接委曲求全了   反抗都不反抗一下？？？  你把资本的软弱性和逐利性暴露的彻彻底底，商人和企业家果然是有区别的，卸载了   
以地事秦,犹抱薪救火,薪不尽,火不灭
明明有多种选择你却选择了最差的，自己都不自救一下，那你就去毁灭吧",bad
2020-08-02 20:47:42,12.1.0,卖国软件爬！字节跳动向美国秒跪！不卸不是中国人！,bad
2020-08-02 08:19:11,12.1.0,怂货，鄙视你，卸载了，祝你早日倒闭,bad
2020-08-01 22:48:50,11.6.0,就一个字“棒”,best
2020-08-01 19:47:49,12.1.0,OK就是OK！,best
2020-08-01 14:29:24,12.1.0,我在想第一个下载抖音的人他看什么呢,best
2020-07-31 12:12:15,12.1.0,自从有了抖音平台，让我更有了自我，对生活更充满希望！謝謝抖音平台！,best
2020-07-31 11:39:20,12.1.0,很好,best
2020-07-31 08:41:06,12.0.0,软件是好的，但是每周都要升级，受不了。,best
2020-07-30 22:37:05,12.1.0,我go to.,best
2020-07-29 17:05:50,11.5.1,谢谢你们你们的作品。,best
2020-07-29 13:23:29,12.1.0,用起来是好用，就是有点废时间和电。,best
2020-07-29 07:22:25,12.0.0,很好，就是用微信登录登不上,good
2020-07-28 20:14:51,12.0.0,为什么封号，抖音你能封住老百姓心里的那杆秤吗，你沦为了某些势力的走狗。,bad
2020-07-28 19:22:08,12.1.0,很满意,best
2020-07-28 08:05:41,12.0.0,太棒了，抖音是我的最爱,best
2020-07-27 17:27:47,12.0.0,工作需要认可，工作需认同。没有什么不理解的。只有他故意的。张一鸣表妹，一天无理取闹。骂的人没有尊严。和没有底线。正义可控劳动工资。像这种人怎么会在公司里生存？我知道咱们是一样的人。为什么？凭什么让他骂咱们？咱们找马云说说里，再找张一鸣说说里。就你是经理，你就可以乱一颗扣人工资，随便骂人。政府机关都改制度。以前是骂人打人。现在改成说法教育。张一鸣表妹没有人性。如果没有人给咱们主持公道，咱们就不和他干了，准备跳槽吧。谁还没有一个理想，谁还没有一个方向，如果你达不到我们所要的方向，那我们就离开你。加油，加油。加油！,good
2020-07-27 10:24:40,12.0.0,非常感谢！记录生活，增加记忆！,best
2020-07-27 06:30:05,12.0.0,就是好,best
2020-07-27 02:52:25,12.1.0,感谢抖音短视频让我们学习很多东西，更加带来快乐。,best
2020-07-26 23:55:41,12.1.0,"为什么刷抖音总是跳出主屏幕？点进去就出来了
其他软件都没有什么事，很正常。手机没问题，其他一切运行正常",good
2020-07-25 23:50:55,12.0.0,好好好好！,best
2020-07-25 22:21:04,12.0.0,越更新越废,good
2020-07-25 21:03:49,,为什么我安装不了,best
2020-07-23 06:02:08,12.0.0,抖音短视频让你的世界更精彩！,best
2020-07-22 20:26:55,11.9.0,有些不足之处,good
2020-07-22 19:12:00,11.9.0,看视频他不香吗？[null],best
2020-07-22 14:52:20,11.9.0,还行吧,best
2020-07-22 07:29:29,11.9.0,真好,best
2020-07-22 00:50:36,11.9.0,感谢抖音，记录美好生活！,best
2020-07-21 18:47:22,11.9.0,实在是太好玩了。,best
2020-07-21 15:36:41,11.9.0,为什么现在看不见别人在不在线？以前都能看见,best
2020-07-21 11:17:16,11.9.0,又可以评论了吗,best
2020-07-21 10:16:28,11.9.0,很棒的一个软件，很好玩,best
2020-07-21 10:13:03,11.9.0,真是太有趣了,best
2020-07-21 09:55:19,11.9.0,还可以,best
2020-07-21 08:37:41,11.8.0,我有15个18个作品了,best
2020-07-20 21:20:45,11.9.0,这软件真好用。,best
2020-07-20 18:19:32,11.9.0,给五星好评,best
2020-07-20 12:47:46,11.9.0,我觉得好玩又好看,best
2020-07-19 21:17:13,12.0.0,求官方给点流量,best
2020-07-19 00:14:09,11.9.0,抖音是个不错的软件，记录美好生活，珍惜当下所拥有的,best
2020-07-18 19:40:55,11.9.0,抖音的员工们。我替你感到惋惜。感到难过。那我伤心。凭什么他一个。关系户就决定别人的生死。我替你们说一句话。和和咱们普通员工合作起来赶走关系户。张一鸣表妹。如果他宠在的话。哪有咱们功成名就那个那一天。如果不敢走，张一鸣表妹的话。咱们哪有未来，哪有明天会更好。我知道你们心酸苦力，付出劳力还不认可。哪有这种人？咱们都是员工，要合并起来把他赶走。要和员工一起。告诉张一鸣老总。你的表妹如何如何不行。有他在公司可能倒闭，你们就这么讲。加油加油加油，赶不走他，咱们没有未来。,good
2020-07-18 19:36:28,11.9.0,张一鸣。要告诉你一句话。你的人生绊脚石是你的表妹。他不停的告诉你。这个不行，那个不行，老是误导你。你这个表妹只会害你，不会帮你，明白吗？我要是你，我早就把表妹开走了，不想要的。张一鸣，我要告诉你一句话。你的表妹一直在误导你。,good
2020-07-18 18:12:05,11.9.0,平台太棒了,best
2020-07-18 13:09:35,11.9.0,全民抖音,best
2020-07-18 11:55:50,11.9.0,很好的软件,best
2020-07-18 10:52:30,11.8.0,抖音人多，传播面广，喜欢喜欢,best
2020-07-18 08:16:55,11.9.0,抖音短视频是新时代地方人最喜欢的自拍媒体平台，支持和希望它越办越好，财富多多，成为全球最强企业。,best
2020-07-18 05:44:35,11.9.0,就是道具有时候总是卡bug，还是平时总是看到那些主播用道具道具不起作用，建议修一下,best
2020-07-17 16:41:55,11.9.0,抖音极速版很不错。,best
2020-07-17 15:32:02,10.2.0,很好,best
2020-07-16 21:04:50,11.9.0,我个人觉得很好，不过占的内存好多,best
2020-07-16 18:39:25,11.8.0,以前还显示对方在不在线，但是现在已经不显示了，希望能改一下！,best
2020-07-16 11:33:52,11.6.0,非常喜欢的社交平台。,best
2020-07-15 22:52:12,11.0.0,支持抖音，支持正能量。,best
2020-07-15 20:51:30,11.9.0,抖音好东西越来越多,best
2020-07-15 11:40:15,11.8.0,速度还可以吧？,best
2020-07-14 23:12:26,11.8.0,下载挺快哦！,best
2020-07-13 23:54:40,11.8.0,说了那么多 就一个字概括 好,best
2020-07-13 21:21:00,11.8.0,我喜欢,best
2020-07-13 19:37:29,11.8.0,音乐上传还不会玩,best
2020-07-13 18:39:58,11.6.0,抖音这个平台真好，我热爱抖音，唯一的缺点就是送主播礼物的时候氪金太大。希望这方面能改改。,best
2020-07-13 14:28:03,11.9.0,我在用，挺好的。,best
2020-07-12 16:06:31,11.8.0,好用，有趣，可以带来快乐！,best
2020-07-10 23:54:36,11.8.0,拍看两不误,best
2020-07-10 19:25:03,11.8.0,为什么抖音新版改老版过会又跳会新版，急，新版不好用,best
2020-07-09 23:58:06,11.8.0,超级好看，最喜欢抖音了,best
2020-07-09 19:12:24,11.8.0,挺好的,best
2020-07-09 17:12:36,11.6.0,与微博并列为中国人的素质洼地！,bad
2020-07-08 19:39:23,11.7.0,不错不错，还没挣到钱,best
2020-07-07 17:10:54,,这个软件我用了一年了，非常的好用,best
2020-07-07 00:13:18,11.6.0,马马虎虎还行吧，不过有些视频还是太假了，不可信,best
2020-07-06 19:17:22,11.2.0,垃圾抖音，抖音全体员工都是死妈玩意,bad
2020-07-06 09:19:26,11.6.0,还可以吧,best
2020-07-05 21:55:59,10.2.0,超级好看，里面有很多道具,best
2020-07-05 15:48:51,11.6.0,好用，形式多样，内容丰富。,best
2020-07-05 14:35:34,11.6.0,短视频拍摄的时间太短，长一点就好了,bad
2020-07-05 12:50:23,11.6.0,挺好的，5G时代到来，抖音更是趁风而上,best
2020-07-05 12:42:05,11.6.0,Very good.,best
2020-07-05 06:17:24,11.6.0,是最新版了但是还是发不了信息,good
2020-07-04 20:24:12,11.6.0,有了斗音体现出太多的能人。,best
2020-07-04 19:20:36,11.6.0,很好用。,best
2020-07-04 18:58:40,11.6.0,自从下载抖音以后，就离不开抖音了，抖音里面的内容有趣，又有用，充满正能量，太棒了。,best
2020-07-04 18:15:45,11.6.0,这个软件真的超级Nice.建议大家可以下载.,best
2020-07-04 17:53:55,11.6.0,不错哦,best
2020-07-04 15:44:45,11.6.0,不错  记录生活  美好回忆,best
2020-07-04 09:25:36,11.6.0,抖音里人才济济，有各种你喜欢的视频。看未来字节跳动怎么经营了，做得好，能成就一个文化娱乐帝国。,best
2020-07-03 21:48:31,10.9.0,这抖音官方老是封别人的号。,bad
2020-07-03 20:50:00,11.7.0,五寸方池，纵观天喜怒哀乐,best
2020-07-03 15:24:21,,抖音短视频怎么在电脑上打不开？,bad
2020-07-02 18:22:05,11.6.0,非常好的平台,best
2020-07-02 18:20:02,11.6.0,非常好用,best
2020-07-02 12:36:48,,垃圾软件，超级占内存，闪退,best
2020-06-30 11:57:41,10.5.0,多些搞笑段子,best
2020-06-30 10:29:28,11.6.0,妥妥好评呀，祝抖音官方越做越强，越做越牛逼。,best
2020-06-30 00:32:41,11.6.0,加油加油加加油！,best
2020-06-29 18:48:51,11.6.0,有参与感，还能学好多东西,best
2020-06-29 14:20:21,11.6.0,这个软件真的很棒，显示效果很好,best
2020-06-29 09:44:45,11.6.0,"Very good～

喵～",best
2020-06-28 22:50:50,11.6.0,好好好 就是好 老好了 玩玩吧 起床 刷起来,best
2020-06-28 19:20:13,11.6.0,抖音官方你，好我希望用三星手机，换成苹果手机，买来送给我。如果不买的话，后果自负。我会。我会教其他平台如何打败你。叫你一毛钱都挣不着，你信不信吗？现在我只给你一次机会，只要你花钱给我买一个手机。送给我，咱们这事儿就完了，如果不肯的话你等着吧抖音我肯定让他倒闭关门。,good
2020-06-28 18:49:08,11.5.0,牛B,best
2020-06-28 17:02:47,11.6.0,希望都新平台，多推广一些好的作品，不要总是推广那些低俗，恶俗和脏乱怪丑的作品。再者，我的所有作品都是我自己的原创，却大都被你们平台定为搬运，让我非常气愤和不能接受！,good
2020-06-28 13:12:34,11.6.0,其实两方我都支持，只是看的更多。,best
2020-06-28 13:03:42,11.6.0,烦死人了，不能用QQ登,bad
2020-06-27 23:11:17,11.6.0,可以的,best
2020-06-27 22:04:31,11.6.0,抖音官方你好，我是星辰之力。我希望你送给我的手机。换成。三星5G版手机。要不然的话以后。我说不定一定会报复你的。我这个人有仇必报。但是。你给我买了手机，咱们就算了吧。如果平台不给我买这个手机，咱们以后。在算账，我肯定让你公司倒闭。啊，就有这么大的本事。,good
2020-06-27 20:19:35,11.6.0,还可以，就是不给浏览量,best
2020-06-27 13:50:13,11.6.0,拍视频流畅。,best
2020-06-27 13:26:28,11.6.0,我从没有见过有这么好的看视频软件，这里有各大网红而且每次更新都是大更新，这让我非常的满意,best
2020-06-27 10:40:07,11.6.0,抖音官方你好，我是星辰之力，你以为我就完了吗？我没有玩。我要告诉你的事情。有本事跟快手一直合作，我要是回来了，我哪天也回来报仇的。但是给你们一种选择。给我买一个苹果手机最新款。送给我。这事儿就算了，要不然的话。我叫倒闭关门。,good
2020-06-26 17:36:40,11.0.0,网红厨师长，你的抖音准备好了。,best
2020-06-26 14:34:36,11.6.0,好东西,best
2020-06-26 05:47:41,11.6.0,太垃圾   骗子太多   没底线都可以往上放  很差,bad
2020-06-25 12:55:30,11.3.0,就是有一些人不特别礼貌，其他都挺好的,best
2020-06-25 12:50:43,11.6.0,非常好,best
2020-06-25 00:31:59,11.6.0,"我来抖音只是来录视频素材的，我只在B站发视频
顺便看看我视频有没有被盗",good
2020-06-24 22:21:11,11.5.1,因为有我德云社,best
2020-06-24 17:25:02,8.3.0,非常不错,best
2020-06-24 15:36:17,11.6.0,不错不错 传递正能量的视频app,best
2020-06-24 00:28:37,11.6.0,连验证登录都做不到了吗？,bad
2020-06-23 23:17:26,11.6.0,抖音让我的生活更有意义。,best
2020-06-23 23:12:16,11.6.0,很好,best
2020-06-23 06:30:12,11.6.0,非常好的平台，既能娱乐又能挣钱。,best
2020-06-22 19:21:03,11.5.1,(￣o￣) . z Zㄖ,best
2020-06-22 08:03:01,11.6.0,抖音好，抖音妙，上了抖音不睡觉,best
2020-06-21 20:30:23,11.5.1,爱了爱了，每天必须上来看看调整心态，爱了爱了,best
2020-06-21 19:09:29,11.1.0,呃呃呃呃呃不错不错不错,best
2020-06-21 18:57:41,11.5.1,硝烟四起，为战而来！,best
2020-06-21 16:46:57,11.5.1,表情怎么发不了也看不了，图片也是，而且为什么现在评论还要点两下才能打开输入法，背景为什么要删除，搜索为什么只有挑战用户和音乐，这样怎么找相关内容？,good
2020-06-21 15:36:06,9.7.0,熬夜神器,best
2020-06-21 10:04:53,11.5.1,所以就我不能在评论区发送表情吗？,good
2020-06-21 01:16:54,11.5.1,爱抖爸爸 正能量的平台 老百姓的平台,best
2020-06-20 18:30:14,11.5.1,真的烂,bad
2020-06-19 23:58:32,11.6.0,好评，喜欢这个样的平台,best
2020-06-19 21:12:15,11.5.1,我觉得非常好,best
2020-06-19 18:00:13,11.5.0,好玩，就是总是被限流,best
2020-06-19 15:33:22,11.5.1,不错，不错，不错，不错，不错，不错，不错，不错。,best
2020-06-19 13:04:42,11.5.0,"非常喜欢抖音，每天都要玩几小时
我的抖音搜索不到自己的主页
希望抖音平台给我看看怎么回事
谢谢",best
2020-06-19 06:39:40,11.5.0,抖音还找到了客户,best
2020-06-19 05:04:54,11.5.1,抖音好,best
2020-06-18 19:47:01,11.5.1,我的一开始可以打开的，可是现在打不开了,bad
2020-06-18 16:47:17,11.5.0,这个软件非常不错，我们基本上每天都用学到很多知识，所以诚心推荐一下,best
2020-06-17 22:29:03,11.5.0,抖音上喷子太多了天天骂的比较的严重官方应该，封禁骂人者,good
2020-06-17 16:42:52,11.5.0,为什么禁用了,best
2020-06-17 11:33:54,11.5.0,我用手机的原因，主要是为了玩抖音,best
2020-06-16 23:03:44,9.4.0,为什么不能给视频添加本地音乐？,bad
2020-06-16 19:28:08,,超级喜欢抖音,best
2020-06-16 19:09:56,11.5.0,最近总是闪退是为什么？我用的360手机。,good
2020-06-16 17:28:27,11.5.0,除了作品中这个人可能会尽量的不说脏话，或者用其他声音来掩盖之外。评论区的说脏话那可多了。比如说一个人说一个游戏要下架。喜欢这个游戏的人肯定会大骂这个人。不喜欢的肯定会在底下赞同。,bad
2020-06-16 10:44:09,11.5.0,五星好评,best
2020-06-16 05:27:38,11.5.0,很有趣的平台。,best
2020-06-15 22:01:06,11.5.0,你好,best
2020-06-15 15:26:39,11.3.0,抖音这个平台，为了快乐的，传递信息，,best
2020-06-15 13:12:49,11.3.0,看不同的生活方式，看不同的人生态度，看生活中的苦恼，看生命中的感动,best
2020-06-15 08:47:01,8.8.0,服了，现在推荐给我的tm10个中8个都是什么玩意，都他妈几个赞的视频，zz吧,bad
2020-06-14 22:10:15,11.3.0,软件功能强大，贴近用户需求！,best
2020-06-14 11:52:32,11.3.0,可以知道身边和远处的一些事，丰富自己的视野,best
2020-06-14 09:54:13,11.3.0,必然是以后的潮流了，不给好评也不行啊,best
2020-06-14 09:12:48,11.3.0,想你所想，看你所看，人生不过如此？！认同的点赞关注。,best
2020-06-14 01:09:33,11.3.0,很棒,best
2020-06-13 23:51:52,11.3.0,更新不了,bad
2020-06-13 22:37:51,11.3.0,记录美好生活,best
2020-06-13 20:17:57,11.4.0,"蛮好的  可以记录生活中的点点滴滴...希望审核的工作人员
审核在严点 。因为现在基本是全民都会看。",best
2020-06-13 11:45:44,11.3.0,我粉蕬太少了,best
2020-06-12 17:56:15,11.3.0,推荐下载，抖音挺好的，刚开始的时候由于抖音不知道你喜欢看什么类型的视频，所以会各种各样类型的视频都给你播，但是没关系的，只要你为你喜欢的类型的视频点赞，过几天就会整个抖音都变成喜欢的视频了,best
2020-06-12 17:46:51,10.5.0,没啥可说的，就是好玩,best
2020-06-12 16:47:03,11.3.0,哈哈哈哈,best
2020-06-11 20:22:34,11.3.0,抖音好的很,best
2020-06-11 20:09:25,11.3.0,不错！虽然刚开始玩！觉得目前在视频这个领域，抖音排第一！,best
2020-06-11 18:35:10,10.8.0,挺好的,best
2020-06-10 14:19:27,11.3.0,键盘只能输一下  就退出  又得点  不好,good
2020-06-10 13:43:24,11.3.0,很好，可以让我遇到很多的道友,best
2020-06-10 08:07:06,11.3.0,好，很棒。,best
2020-06-10 00:57:27,11.3.0,很好，新时代的新媒体，逐渐成为生活的一部分,best
2020-06-09 15:17:19,11.3.0,挺好的吧！,best
2020-06-09 11:07:17,11.1.0,太tm恶心了吧，推荐关注，推荐nm呢，nt？谁都得推荐推荐？,bad
2020-06-09 09:44:50,11.3.0,不错的平台,best
2020-06-08 21:58:14,11.3.0,这东西我非常满意，因为它使我被妈妈挨了打，挨了骂,best
2020-06-08 18:53:22,11.3.0,就亘古不变,best
2020-06-08 17:23:44,11.3.0,不知道为什么更新完之后，只要一点几抖音小游戏它就会闪退,good
2020-06-07 10:31:19,11.2.0,抖音记录美好生活真的是太好了。,best
2020-06-06 14:16:25,11.3.0,非常非常非常非常非常好，非常非常非常好,best
2020-06-06 08:03:11,11.2.0,带着灵魂的平台,best
2020-06-05 20:06:57,11.2.0,！牛逗,best
2020-06-05 18:50:12,11.2.0,特别的好,best
2020-06-05 09:43:58,11.3.0,抖音给我带来快乐,best
2020-06-05 07:31:47,11.2.0,太good了,best
2020-06-04 22:20:41,11.2.0,抖音要是能像QQ一样就好了,best
2020-06-04 18:47:26,11.3.0,不如原来的好用，正在找老版本,bad
2020-06-04 17:08:13,11.3.0,抖音很精彩，让人看不到的东西在抖音里大开眼界。,best
2020-06-04 06:22:13,11.2.0,我个人喜欢看视频，因为懒,best
2020-06-03 22:29:06,11.3.0,真好,best
2020-06-03 22:11:51,10.9.0,今天,best
2020-06-02 11:30:38,11.3.0,很差很差。,bad
2020-06-01 20:25:48,11.2.0,抖音官方把小敏事情的视频限流了，恶心死了，差评,bad
2020-06-01 14:54:21,11.2.0,朋友们，谁知道为什么抖音更新了最新版本，照片电影就不能发了，怎么才能修复一下啊？,best
2020-06-01 12:47:39,11.2.0,爷爱抖音,best
2020-06-01 10:29:00,11.2.0,非常好用，非常实用,best
2020-06-01 10:23:01,11.2.0,真的很好用,best
2020-06-01 09:19:45,11.2.0,挺有意思的,best
2020-05-31 16:14:04,11.2.0,很好，特别喜欢,best
2020-05-31 15:46:54,11.2.0,嗯恩,best
2020-05-30 10:34:53,11.2.0,闲来没事的时候经常喜欢看抖音，真的可以给我们带来很多欢乐,best
2020-05-30 01:14:58,11.2.0,好！别自满了。。。。。,best
2020-05-29 22:24:12,,垃圾软件，太占内存了，垃圾中的战斗机,best
2020-05-29 18:31:27,11.3.0,好，非常好，但是希望别总是限流,best
2020-05-29 17:13:22,11.2.0,很好的平台，就是很难上热门,best
2020-05-29 09:55:55,11.2.0,真的很好玩啊哈哈，分阵营是咋回事啊？没懂,best
2020-05-28 21:11:20,11.0.0,讲美好生活抖音挺好的！,best
2020-05-28 20:40:06,11.2.0,好棒,best
2020-05-28 15:15:22,11.2.0,好很好,best
2020-05-27 13:10:44,11.1.0,很棒！还可以拍视频，太棒了！太棒了！太棒了！太棒了，太棒了！,best
2020-05-27 13:00:58,11.1.0,很好很给力,best
2020-05-27 09:49:59,,这个软件真的很棒，超爱的。,best
2020-05-26 17:09:07,11.1.0,挺好的，每天刷一刷  今天没白活！,best
2020-05-25 21:11:37,11.1.0,既能消遣，又能学习,best
2020-05-25 20:48:19,11.2.0,很不错的平台,best
2020-05-25 16:44:16,11.1.0,你喜欢这个抖音短视频呢？尤其是里面的东西，但是，特别喜欢我，真的是，哎呦我去我服了，这个作者怎么这么有才呀？我去。,best
2020-05-25 08:26:18,11.1.0,这也是爱了,best
2020-05-24 21:45:19,11.1.0,垃圾软件，抖音软管迟早集体暴毙，我说的,bad
2020-05-24 17:32:37,11.1.0,很棒的短视频软件,best
2020-05-24 12:00:24,11.1.0,抖音平台挺好的，如果能多给一些流量就更爱了,best
2020-05-24 11:55:38,11.1.0,拉近你我的距离，让世界更美好,best
2020-05-24 10:16:03,11.0.0,很好！,best
2020-05-24 06:43:28,11.1.0,毕竟装逼不言而喻,best
2020-05-23 23:00:02,10.9.0,vevy good,best
2020-05-23 21:20:22,9.7.2,能不能别限流_(:з」∠)_,best
2020-05-23 08:20:31,11.1.0,还是很不错的短视频,best
2020-05-23 01:47:59,9.9.0,太好了，已经和我分不开了,best
2020-05-22 21:05:26,9.1.0,终于能用旧版了  开森,good
2020-05-21 11:17:23,11.1.0,舒服,best
2020-05-20 20:53:42,,iiiolll;iop[iugprl..uiui,best
2020-05-20 10:49:23,11.0.0,很好吧。。。。。。,good
2020-05-20 08:08:41,11.1.0,还要更新出删除作品的功能啊！我一个拍错了的作品不小心点了发布！,good
2020-05-18 20:54:15,11.0.0,非常好。,best
2020-05-18 15:53:55,11.0.0,抖音非常的能在这个平台上学习到很多知识,best
2020-05-18 13:28:17,11.0.0,非常喜欢抖音,best
2020-05-18 05:59:16,11.0.0,这里人才挺多的！有趣味！希望平台越做越好！,best
2020-05-17 20:41:06,10.9.0,抖音天天害我熬夜，坤也玩抖音。,best
2020-05-17 19:43:22,11.0.0,很好的一个平台，谢谢抖爸爸,best
2020-05-17 13:15:11,11.0.0,超级喜欢,best
2020-05-17 08:30:54,11.1.0,整挺好,best
2020-05-16 19:37:11,10.8.0,好玩 ! ! ! 强烈推荐,best
2020-05-16 19:04:32,10.6.0,不错，很好用的软件,best
2020-05-16 16:36:08,,每天刷抖音。,best
2020-05-15 16:41:35,11.0.0,垃圾抖音，天天抄袭,bad
2020-05-14 10:46:20,11.0.0,挺好用的。,best
2020-05-14 01:31:39,11.0.0,很好的软件,best
2020-05-13 22:11:41,11.0.0,真的好用极了,best
2020-05-13 14:39:41,11.0.0,还不错,best
2020-05-13 14:36:41,,下载好慢啊,good
2020-05-13 13:37:40,11.0.0,限nm流垃圾助手刷分刷分,bad
2020-05-12 23:13:45,11.0.0,抖音改变了我的生活，感谢,best
2020-05-12 21:52:07,11.0.0,绿色网络平台，大爱！,best
2020-05-12 18:39:30,11.0.0,我也希望上热门，但是没有文化也没有才华。,good
2020-05-12 14:22:07,11.0.0,抖音真的很好玩！我真的太喜欢！,best
2020-05-12 10:34:29,11.0.0,现在的抖音我只能给一颗星，没有之前的那种感觉，而且限流特别严重。,bad
2020-05-12 08:05:08,11.0.0,非常好的短视频软件,best
2020-05-11 23:02:58,11.0.0,很好，可以刷到很多德云社的视频，认识了很多姐妹。,best
2020-05-11 21:41:57,11.0.0,抖音让我开拓了视野。,best
2020-05-11 15:01:22,11.0.0,抖音正能量，给了我们快乐,best
2020-05-11 14:18:25,11.0.0,还不错，趣味多,best
2020-05-11 02:27:13,11.0.0,就是播放量太少了？,best
2020-05-10 21:20:09,11.0.0,非常好非常棒,best
2020-05-10 21:00:24,11.0.0,很差,bad
2020-05-10 08:28:17,11.0.0,除了一些功能不完善之外该是很好的，能学习能休闲，能充电能办公,best
2020-05-10 08:10:55,11.0.0,非常好,best
2020-05-09 18:40:38,11.0.0,这个抖音用的实在是太棒了，就是上面有很多人都没素质，希望他们被禁言，比如说:@阿然,best
2020-05-09 16:49:04,11.0.0,抖音感觉比快手好,best
2020-05-09 16:28:22,11.0.0,挺好哒，谢谢,best
2020-05-09 12:35:01,10.9.0,非常好用,best
2020-05-09 07:52:48,11.0.0,聪明绝顶，心有灵犀！,best
2020-05-09 00:09:53,11.0.0,好玩鸭,best
2020-05-08 21:24:52,10.9.0,刷抖音，快乐的源泉，hhhhhc虽然好像打广告但是真的挺好的,best
2020-05-08 19:49:56,10.5.0,非常好！有加好友的吗！可处CP哦我女,best
2020-05-08 11:21:15,10.9.0,很好很好的平台,best
2020-05-07 20:55:05,10.9.0,厉害的app,best
2020-05-07 16:07:07,10.9.0,抖音玩家素质这么低，也没人管管。,bad
2020-05-07 11:46:17,10.9.0,怎么降级啊,best
2020-05-07 11:34:56,10.9.0,抖音六六六,best
2020-05-07 10:33:25,10.9.0,挺好,best
2020-05-07 08:40:45,11.0.0,抖音里的视频十分精彩,best
2020-05-07 00:05:37,10.9.0,很好,best
2020-05-06 20:37:44,10.9.0,如果可以全球统一就更美啦，好像有点奢望,best
2020-05-06 10:51:24,10.9.0,不错，有好多正能量视频，在里面能学到好多知识,best
2020-05-06 09:30:50,10.9.0,"我已经把抖音刷成德云社专场了 他可以识别自己喜欢什么类型  
我抖音里面 全是相声",best
2020-05-06 08:04:24,10.8.0,特别喜欢,best
2020-05-05 22:24:12,10.9.0,非常喜欢,best
2020-05-05 18:26:16,10.9.0,挺好的，不充钱很少给热门,best
2020-05-05 15:04:22,10.9.0,有些人被骗了钱。你们也不管。,bad
2020-05-05 13:45:55,10.9.0,时间可以倒流就好了吧开玩笑呢么情况如何？,best
2020-05-05 11:01:00,10.9.0,我两个都喜欢。蓝方,best
2020-05-05 02:54:49,10.9.0,一堆zzxxs天天黑化黑化。一堆lj人盗哔站视频，一堆双标dog去反b站，一堆饭圈dog天天我爱你我爱你。,bad
2020-05-05 00:32:45,10.9.0,很好,best
2020-05-04 21:14:19,10.9.0,记录生活美好一刻,best
2020-05-04 18:22:43,10.9.0,超喜欢抖音，国际范。,best
2020-05-04 16:25:54,10.9.0,这个应用非常的棒，希望大家多多下载,good
2020-05-04 13:04:14,10.9.0,抖音真垃圾，就知道舔外国人，欺负自己的同胞，配做中国人吗，做一个舔狗，做人不好，非要做狗，骨子里都是软的，软的不要不要的,bad
2020-05-03 18:45:00,9.7.0,抖音让生活更美好！,best
2020-05-03 06:38:45,10.7.0,为了郭聪明下载的抖音，真的很不错，就是直播要是能有回放功能就好了,best
2020-05-02 23:23:35,10.1.0,删除评论挺积极的，一星好评,bad
2020-05-02 22:37:31,11.0.0,喜欢抖音,best
2020-05-02 20:34:39,11.0.0,还行,good
2020-05-02 19:51:44,10.9.0,现在抖音越来越差了，到处都是毛病，现在居然关注都不让关注了，一关注就自动取消，搜索视频啥也搜不到，甚至上传视频也不让人看见，不给推送，自己拍的视频都说我违规了，这是要干嘛？我可喜欢玩抖音了，现在是要把我往火山小视频赶那！我发在抖音审核不过的视频，现在只能在火山发了，都是我原创编辑好了的影视剧片段，哪里违规了，自己拍的也不让发，干脆直接变成私密账号好啦！本来这些都能忍，我还是依旧喜欢看抖音视频，居然让我关注别人都不让了，这是要让我卸载啊！,good
2020-05-02 11:23:26,10.9.0,很好用的一款段视频软件，很喜欢！,best
2020-05-02 09:15:34,10.8.0,大屏模式        唉……,bad
2020-05-02 09:00:44,10.9.0,好，非常好,best
2020-05-01 18:19:27,10.9.0,学的东西很多，本人正在学剪映，对生活的帮助还是很大的，总体而言，利大于弊。,best
2020-05-01 16:38:30,10.9.0,抖音这款应用特别好,best
2020-05-01 11:37:49,10.8.0,真不错,best
2020-05-01 09:29:08,10.9.0,不知道为什么最近抖音老是动不动就什么都搜索不到了，然后又无法关注别人，老是失败,good
2020-05-01 01:42:42,10.9.0,挺不错的,best
2020-04-30 17:38:00,10.9.0,不错,best
2020-04-30 14:29:02,10.5.0,"抖音非常方便呀,但这会影响小学生
学习",best
2020-04-30 00:26:00,10.9.0,喜欢抖音,best
2020-04-29 20:15:36,10.7.0,一直很喜欢这个抖音，真的很开心！！,best
2020-04-29 16:42:57,9.7.2,举报经常无效,best
2020-04-29 08:47:55,10.7.0,垃圾软件快手都比这个好，什么王默默这种专业毒鸡汤害了多少人，抖音怕是黑心钱都赚,bad
2020-04-29 07:16:11,10.8.0,以前以为抖音上都是表演唱歌跳舞的，用了之后才知道可以在上面学到很多东西，认识很多朋友。,best
2020-04-29 07:03:35,10.8.0,抖音真的很好用,best
2020-04-29 05:35:54,10.8.0,太棒了,best
2020-04-29 03:27:03,10.9.0,短视频最好的平台，玩法花样多，操作方便，适合交流,best
2020-04-28 14:31:56,10.9.0,抖音很棒！,best
2020-04-28 13:44:20,10.8.0,很实用，在抖音上学到不少东西，既可以卖产品，又可以买材料，又能学东西，真的太好了,best
2020-04-28 12:52:29,10.9.0,每天必看！,best
2020-04-28 12:14:47,10.7.0,不说了，抖音毁太多东西了。,bad
2020-04-28 12:06:01,10.8.0,很好，就是老限流我，能不能让我火一次？我之前流量很好的，我改了很多，就是没用，能赏我流量吗。最近的流量不行啊。,best
2020-04-28 12:04:02,10.8.0,"本来，用个软件无可厚非，没有什么高低，但偏偏有些人喜欢做些抹黑软件的行为。



盗视频还不愿承认，在我的据理力争后拒收我的消息。



我在看完我的B站关注动态，玩游戏无聊后也会刷抖音，看到一些搞笑的段子也会让心情开心起来，但盗视频真的让我很无语，自己做视频不会吗，要个授权很难吗？



还有抖音的举报系统，我才玩B站的时候，只是跟风刷了评论就被封号了，抖音举报几次了，一点动静都没有。



我两个软件都喜欢，但这个人盗视频后的嚣张让我很不爽，在这里我希望B站上有抖音的就去举报他，在私信让他删视频，没有的下载一个来举报他，我在这里谢谢大家了。",bad
2020-04-27 21:37:36,10.8.0,非常好看。,best
2020-04-27 19:23:59,10.8.0,因为一手遮天的许可謦,bad
2020-04-27 18:00:42,10.7.0,好看视频,best
2020-04-27 16:50:59,,懒得拍,best
2020-04-27 11:17:26,10.8.0,非常不错,best
2020-04-27 10:37:15,10.8.0,抖音记录美好生活,best
2020-04-27 08:54:33,10.8.0,那不是最多五星，我还能评六星,best
2020-04-27 06:56:58,10.8.0,挺好的,best
2020-04-27 00:12:32,10.9.0,感谢抖音给我机会发一些剪辑作品，希望给我开放5-10分钟权限,best
2020-04-26 20:04:01,10.8.0,他让我找到了生活感。抖音是一个很好的减压神器。,best
2020-04-26 17:27:52,10.8.0,不许乱说话，馨里要有数,good
2020-04-26 16:24:02,10.8.0,抖音，我爱你！谢谢这个平台！,best
2020-04-26 11:39:01,10.9.0,还不错,best
2020-04-26 10:35:33,10.8.0,好好,best
2020-04-26 09:52:20,10.8.0,天天必刷,best
2020-04-26 08:43:12,10.8.0,挺是挺好的，就是骂人你们不管吗？,best
2020-04-26 01:07:10,10.8.0,很好用,best
2020-04-25 23:33:24,10.8.0,很好的平台,best
2020-04-25 20:59:30,10.6.0,很不错的,best
2020-04-25 17:21:34,10.8.0,好好好,best
2020-04-25 16:25:31,,太好了。下载,good
2020-04-25 16:24:55,10.8.0,阔以阔以,best
2020-04-25 16:24:04,10.8.0,很好。,best
2020-04-25 15:28:13,10.8.0,学习分享的好地方！,best
2020-04-25 15:16:36,10.2.0,非常好，非常好，我最喜欢这个。,best
2020-04-25 13:16:08,10.8.0,最坑，最没有人权的短视频，账号直接给封，玩了几年了，封了账号，玩什么，用什么都别用抖音。,bad
2020-04-25 13:04:03,10.8.0,不错  越来越健康的视频和技巧多了,best
2020-04-24 19:59:36,10.8.0,太棒了自拍为主。,best
2020-04-24 17:07:16,10.8.0,很给力的一款APP,best
2020-04-24 11:42:37,10.8.0,很流畅！不卡顿很流畅，不卡顿,best
2020-04-24 06:49:56,10.6.0,2018年就开始玩，必须五星好评！,best
2020-04-23 21:53:03,10.7.0,有很多的有趣视频。,good
2020-04-23 12:34:36,10.8.0,很好，给了我们平常人一个展示自我的平台。,best
2020-04-23 11:53:15,10.8.0,非常棒的平台,best
2020-04-23 06:03:40,9.9.0,数据什么的都很全,best
2020-04-22 21:45:15,10.8.0,特别好,best
2020-04-22 20:17:04,10.7.0,请问抖音历史版在哪里？,good
2020-04-22 18:29:53,10.8.0,很好用的！！！,best
2020-04-22 17:29:56,10.8.0,好啊好啊好啊真好啊,best
2020-04-22 05:27:37,10.8.0,很不错的软件！！！！,best
2020-04-22 00:36:04,10.8.0,非常棒很喜欢的小视频。,best
2020-04-21 21:34:39,10.8.0,其实吧，抖音本身挺好的。就是有一些害群之马，在这里边瞎闹。什么冒充官方还骂人，随处有杠精，盗取作品还举报不成功等等等等。希望官方可以重视。而且抖音的广告不是记录美好生活吗？这压根儿就是氪了金上热门，没氪金作品多好不重要，就是没有人看到。还动不动限流。我也不想给差评，还是五星好评吧,best
2020-04-21 20:58:49,10.7.0,特别喜欢,best
2020-04-21 17:52:29,10.8.0,超级好还能聊天,best
2020-04-21 09:49:21,10.7.0,垃圾软件，上面什么都让发，误导用户。发出来的视频你们都不审核吗？都他妈干什么吃的,bad
2020-04-21 08:42:38,10.7.0,非常好的，五星好评,best
2020-04-21 06:43:54,10.7.0,要不是抖音我就找不到我老婆,best
2020-04-20 20:31:38,10.6.0,还是不错的,best
2020-04-20 11:18:41,10.7.0,很好的一个平台,best
2020-04-19 19:03:56,10.7.0,希望可以整顿一下,good
2020-04-19 16:23:44,10.7.0,不能用QQ登录。,good
2020-04-19 13:16:41,10.6.0,限流无语……发一个限一个……,good
2020-04-19 11:08:21,10.7.0,喜欢抖音视频看，看了合同的，为他，她点赞合乐连连,best
2020-04-19 09:53:56,10.7.0,挺好玩的，刚开始，很多还不会用,best
2020-04-18 22:34:59,10.7.0,我觉得挺好的,best
2020-04-18 20:05:18,10.8.0,好玩都很啊,best
2020-04-18 12:47:20,10.7.0,我本来进去了，没有一分钟就退出来了。,best
2020-04-18 11:37:01,10.7.0,特别的好用，可以学到好多知识，交到不少的朋友,best
2020-04-18 10:08:42,10.7.0,很好,best
2020-04-18 06:52:27,10.7.0,好的啊,best
2020-04-17 16:32:28,10.5.0,我觉得其实都还好但是这个举报不给力。我就是发表了自己的看见和意见，然后呢就被一个网红的粉丝喷了，还被举报了。然后我举报他们骚扰我，然后举报不成立。服了,bad
2020-04-17 13:25:22,10.0.0,好样的,best
2020-04-17 13:02:13,10.7.0,那抖音火山版啊什么的，全都是仿抖音短视频的，明明是抖音先出来的快手也是跟抖音一样的，只不过等抖音先出来而已。,best
2020-04-17 11:38:10,10.7.0,极速版天天提现失败什么情况？有人遇到吗,bad
2020-04-17 11:09:30,10.7.0,来抖音，改变你的生活,best
2020-04-17 10:12:33,10.6.0,好用,best
2020-04-17 09:42:55,10.7.0,很喜欢,best
2020-04-17 07:51:28,9.0.0,文化歧视，试图分化中国，我们都是中国人，抖音不是，抖音不把两广当兄弟。不尊重中国五千年文化,bad
2020-04-17 07:01:05,10.7.0,傻逼软件,bad
2020-04-17 04:45:11,10.5.0,超级好用，还可以看见自己喜欢的爱豆的作品,best
2020-04-17 00:22:16,10.8.0,我觉得抖音很好,best
2020-04-16 21:48:51,10.7.0,应用很好，我很喜欢,best
2020-04-16 17:38:28,10.6.0,因为王默默，来评价，请问怎么举报这个恶心的app,bad
2020-04-16 16:52:48,10.7.0,垂直度比较高,best
2020-04-16 10:56:24,10.7.0,我是去看伏拉夫爱国的，真nb,best
2020-04-16 09:41:24,10.7.0,五分是内容 人性化希望改进,best
2020-04-16 08:14:43,10.7.0,抖音很好，我学到了很多東西,best
2020-04-15 22:57:53,10.6.0,现在很赞，希望继续保持，以后不要变成美团一样就对了,best
2020-04-15 19:42:31,10.6.0,感觉非常好非常棒，多分些流量就好了，哈哈，谢谢老大。。。,best
2020-04-15 12:59:25,10.7.0,五星好评,best
2020-04-15 12:22:57,10.5.0,"用抖音几年了，比那些快手什么的强多了，里面游泳

戏也很好玩",best
2020-04-15 11:45:16,10.6.0,看看年轻人都在看什么,best
2020-04-15 10:37:19,10.7.0,好用好用,best
2020-04-15 08:21:40,10.6.0,奥利给,best
2020-04-15 08:15:17,10.6.0,很垃圾的东西，全是低俗色情，炒作负能量的垃圾,bad
2020-04-14 20:34:58,10.6.0,特别好用，特别棒,best
2020-04-14 18:53:02,10.8.0,为什么升级后不能拍视频了,bad
2020-04-14 15:19:26,10.5.0,获取信息的重要来源之一，当然，我会审慎甄别。,best
2020-04-14 13:34:46,10.6.0,这个抖音真的很好用,best
2020-04-14 07:28:53,10.6.0,真的特别好，就是没有限流就更好了,best
2020-04-13 20:59:50,10.6.0,好评！,best
2020-04-13 19:22:30,10.6.0,还可以,best
2020-04-13 17:20:09,10.6.0,喜欢，力顶！,best
2020-04-13 15:14:52,10.4.0,"官方不处理举报! !暴力侮辱内容根本不管
差评! ! ! !",bad
2020-04-13 14:03:03,10.6.0,玩抖音一年了，谢谢抖音给我2000粉丝。,best
2020-04-13 10:51:33,9.7.0,太好用了！学会了许多舞蹈与技巧 比如做菜什么的 必须好评！,best
2020-04-13 07:31:15,10.6.0,很棒,best
2020-04-13 00:48:32,10.6.0,审核用户发出的视频有时候乱整，正能量的也审核不通过。请纠正。,best
2020-04-12 22:18:17,10.6.0,我特别喜欢抖音，抖音也喜欢我就更好了,best
2020-04-12 19:49:33,10.6.0,我已经还完这个五星好评了，恭喜抖音，您的软件又多了一个分期的五星好评,bad
2020-04-12 16:17:24,10.5.0,棒棒哒,best
2020-04-12 14:10:17,10.6.0,giao,best
2020-04-12 12:46:29,10.2.0,差评，打压舆论，封锁消息，限流，大数据隔离各种手段,bad
2020-04-12 10:49:29,10.6.0,抖音太好了。,best
2020-04-12 00:38:08,10.6.0,抖音好,best
2020-04-11 20:42:42,10.5.0,看视频太好了，虽然拍视频也比较好，但是赞给少，但我绝地看视频好,best
2020-04-11 16:59:34,10.6.0,钉钉企业微信等考勤代打卡，,best
2020-04-10 21:17:04,10.6.0,加油,best
2020-04-10 19:37:41,10.6.0,支持抖音传播正能量，感谢官方能让我们普通老百姓也能拍视频上热门,best
2020-04-10 07:49:49,10.4.0,非常好。,best
2020-04-09 23:15:44,10.1.0,十分好用！,best
2020-04-09 22:25:05,10.6.0,方便快捷！丰富生活！,best
2020-04-09 21:01:18,10.1.0,它不了视频。,bad
2020-04-09 18:57:14,10.6.0,五星好评第四期,bad
2020-04-09 17:06:38,10.4.0,一切为了r1se而去,best
2020-04-09 15:55:56,10.6.0,挺好的，没什么好说的。,best
2020-04-09 11:03:46,10.5.0,毒鸡汤太多,bad
2020-04-09 10:55:22,10.6.0,好好,best
2020-04-09 09:52:32,10.2.0,挺好，天天都看,best
2020-04-09 07:05:13,10.5.0,你们,best
2020-04-08 21:45:53,10.6.0,现在下班就是玩抖音，看头条,best
2020-04-08 19:35:53,10.5.0,赞！,best
2020-04-08 16:23:49,10.5.0,非常棒！而且我还认识了好多朋友和爱豆,best
2020-04-08 15:40:13,4.0.0,不好,bad
2020-04-08 13:47:34,10.5.0,很好用,best
2020-04-08 13:42:20,10.5.0,我是拍视频的。,best
2020-04-08 12:53:50,10.5.0,五星好评第三期,bad
2020-04-08 09:11:11,10.5.0,还可以，视频很好看,best
2020-04-08 07:09:36,10.5.0,非常好。,best
2020-04-07 20:33:44,10.5.0,抖音很好！喜欢社交平台,best
2020-04-07 19:25:33,10.5.0,五星好评第二期,bad
2020-04-07 15:08:44,10.5.0,还可以，值得推荐的交友软件。,best
2020-04-07 08:48:05,10.5.0,王嬷嬷还没封，评论都清空了！,bad
2020-04-07 08:11:12,10.5.0,很好,best
2020-04-07 01:28:24,10.5.0,你妈耶偏要强制升级  购置的,good
2020-04-06 20:22:59,,我盗的视频一点都不火，别人盗的视频都能火。我他妈打死那个抖音。,best
2020-04-06 20:20:33,10.0.0,他妈的盗视频都能火。,best
2020-04-06 18:43:43,10.5.0,我举报了王默默，说什么12小时内受理，结果24小时了，什么都没有给我回，再这样下去我只能五星好评分期付了,bad
2020-04-06 17:42:14,10.5.0,我被限流了！,best
2020-04-06 15:45:38,10.5.0,这个软件真的很好用，我很喜欢。,best
2020-04-06 13:58:45,10.5.0,说实话，这个应用是挺好的，但是有很多人发带有负面情绪的视频，这个我特别反感。,best
2020-04-06 12:15:12,10.5.0,靠盗视频赚钱的人渣和营销号肆意横行，抖音官方还不管，垃圾，不负责任！,bad
2020-04-06 09:53:43,10.5.0,抖音非常好,best
2020-04-06 06:56:30,10.5.0,很好,best
2020-04-06 03:58:55,10.5.0,非常好的短视频平台！感谢抖音！,best
2020-04-06 01:37:58,10.5.0,富了一批人,best
2020-04-06 00:45:25,10.1.0,非常非常喜欢,best
2020-04-05 19:15:15,10.5.0,挺好的可以给人分享生活,best
2020-04-05 15:52:24,10.4.0,什么游戏,bad
2020-04-05 15:48:48,10.5.0,好好学习，天天向上。,best
2020-04-05 09:42:06,10.5.0,今天2020四月五日，打开抖音弹出一个推荐可能认识的人窗口。我赶紧去后台看了下我给了它读取通讯录的权限吗？结果是没有给任何权限。这已经是这个第二次弹出推荐可能认识人的弹窗了。,best
2020-04-05 00:12:04,10.5.0,我是沫雪,best
2020-04-04 21:19:45,10.5.0,抖音给我们生活带来很多开心快乐，传播了很多正能量的东西。,best
2020-04-04 16:17:25,10.4.0,还行吧里面的人非常有趣,best
2020-04-04 14:35:07,10.4.0,抖音视频的时兴传播了很多正能量和各类知识点，值得拥有。,best
2020-04-04 13:37:49,10.5.0,全是重复的新闻了    没意思可以卸了,bad
2020-04-04 10:58:41,10.5.0,浪费时间毁我青春辣鸡玩意儿。,bad
2020-04-04 00:08:15,10.5.0,就喜欢看,best
2020-04-03 22:53:55,10.5.0,就像喜欢舔舐路边的粪便的野狗一样 正是因为这坨粪便不断散发出使人作呕的气味才会吸引来众多的野狗在它旁边,bad
2020-04-03 19:40:43,10.5.0,挺漂亮，可以幻想无限美好,best
2020-04-03 18:53:13,10.5.0,真的很好用啊,best
2020-04-03 16:32:30,10.5.0,抖音怎么更新,best
2020-04-03 16:04:06,10.5.0,还好,best
2020-04-03 13:23:20,10.5.0,一直都在使用,best
2020-04-03 13:16:15,10.5.0,是休闲娱乐的好东西呀，而且还可以从上面学到很多东西,best
2020-04-03 13:10:28,10.5.0,以前衣服脏了或碰到其他东西根本洗不掉，在抖音里面学了很多小妙招，很好用。,best
2020-04-03 12:55:12,10.5.0,挺好,best
2020-04-03 10:44:35,10.5.0,如果能上热门就更好了,best
2020-04-03 09:02:17,10.5.0,为什么不能批量删除呢,good
2020-04-03 07:19:50,10.5.0,相当不错，长知识，开眼界，形式多彩靓丽。,best
2020-04-03 07:06:54,10.5.0,质量很好，我很喜欢。,best
2020-04-02 22:26:48,10.2.0,yos,best
2020-04-02 20:27:26,10.5.0,励志正能量作品,best
2020-04-02 17:45:32,10.5.0,平台不错,best
2020-04-02 17:10:30,10.5.0,希望能添加一个差评系统,best
2020-04-02 13:35:43,9.6.0,我喜欢,best
2020-04-02 11:16:21,10.5.0,好东西哦,best
2020-04-02 10:08:55,10.5.0,123456789,best
2020-04-02 08:34:23,10.4.0,功能更新很快,best
2020-04-02 07:28:37,10.4.0,王默默，史上最烂，每日举报打卡第24天,bad
2020-04-02 06:36:37,10.5.0,这个软件么？其实才刚玩了不久。当然现在已经占据了我的生活。感觉非常优秀，加油！！！,best
2020-04-02 01:30:12,10.5.0,算我求求你们了，你们抖音知名度已经够高了，别再我的可怜的小众软件里打广告了，误点击你们没给下载提示就算了，广告打得那么多我一个从来不用抖音的已经被迫下载至少十次了啊，我不在乎那点流量，我只想你们给我点好印象行吗。我感叹号问号啥都不打，就希望你们能专心做你的精致，我看我的小说，你们的下载我好歹也贡献了那么多啊。,good
2020-04-01 19:40:07,10.4.0,我喜欢抖音,best
2020-04-01 18:48:35,10.5.0,真的不错，我给满星10满意,best
2020-04-01 18:28:02,10.5.0,感谢抖音，史上最强软件，也学习了很多东西，感谢抖音，感谢字节跳动,best
2020-04-01 16:05:07,10.4.0,王默默，史上最烂，每日举报打卡第23天,bad
2020-04-01 14:06:16,10.5.0,好好好！！！,best
2020-04-01 10:40:09,10.2.0,很好,best
2020-04-01 10:32:57,10.4.0,666,best
2020-03-31 19:27:55,10.5.0,一个让人值得尊敬的平台,best
2020-03-31 18:19:58,10.5.0,丰富了我的生活也有一些感悟，思想境界角度都受了一些qifa,best
2020-03-31 09:26:46,9.8.1,不错,best
2020-03-31 08:57:38,10.4.0,学到很多东西,best
2020-03-30 21:38:37,10.4.0,我说你强制升级有何意义,good
2020-03-30 19:58:24,10.4.0,非常好，爱上啦,best
2020-03-30 15:07:56,10.4.0,看视屏与拍视屏都重要,best
2020-03-30 14:33:31,10.5.0,他妈的我也是服了，这几天抖音一群鸡婆子发招嫖信息，举报无数。妈的真牛逼。,best
2020-03-30 12:13:38,10.4.0,全民娱乐，很好啊。,best
2020-03-30 11:36:53,10.4.0,很好用，小程序也很好玩,best
2020-03-30 11:15:22,10.4.0,王默默，史上最烂，每日举报打卡第21天,bad
2020-03-30 11:02:16,10.1.0,很好用,best
2020-03-30 10:05:33,10.4.0,抖音不错，哪天我总要笑死在抖音。,best
2020-03-30 09:15:24,10.4.0,王默默，史上最烂，每日举报打卡第二天。,bad
2020-03-30 08:16:31,10.4.0,玩抖音视频都是要用钱玩出来的，,good
2020-03-30 07:50:30,10.4.0,辣椒,bad
2020-03-30 00:41:07,10.4.0,抖音多推送些粉丝给我，感谢感谢,best
2020-03-29 22:32:45,10.4.0,流氓软件，给我下载其他应用，手机卡死了，一下子来三个软件，还自动安装,bad
2020-03-29 19:48:10,10.4.0,私刑太严重，一言堂，封号拿不出具体的证据，千变一律用规则给你扣帽子，里面有毒鸡汤那个默默，还有其他骚首弄尾的妹子不封，粉丝点赞都是几十万。一旦封号，号里啥都没有了，用户毫无安全感可言，封了号手机号，身份证全部报废，无法解绑，也不好注销账号，简直就是流氓软件,bad
2020-03-29 17:05:03,10.4.0,好很多人在追求,best
2020-03-29 15:17:25,10.4.0,垃圾食品,bad
2020-03-29 14:24:42,10.4.0,没啥说的，每天刷几个小时,best
2020-03-29 13:25:10,10.4.0,时间就这么没了,best
2020-03-29 11:44:05,10.4.0,王默默，史上最烂，每日举报打卡第20天,bad
2020-03-29 09:41:57,10.5.0,很符合用户要求,best
2020-03-29 08:28:36,10.4.0,刷着刷着就到b站,best
2020-03-28 22:48:32,10.4.0,一如抖音深似海，深陷其中无法自拔,best
2020-03-28 22:06:24,10.4.0,还可以哦,best
2020-03-28 20:52:48,10.4.0,正能量！,best
2020-03-28 20:03:39,10.4.0,这个好玩！,best
2020-03-28 18:52:37,10.4.0,不知怎么打不开了？,good
2020-03-28 15:50:32,10.4.0,还是求求抖音爸爸别限流了，其他都很完美,best
2020-03-28 15:29:53,10.4.0,为什么不可以QQ登录？现在就连微信都登不了。,bad
2020-03-28 12:33:56,10.4.0,可以涨知识，可以云旅游，可以看到很多有趣的事情和创意，非常好,best
2020-03-28 12:31:51,10.4.0,"非常好的短视频app
内容丰富，精彩",best
2020-03-28 12:24:46,10.4.0,功能越来越完善了，,best
2020-03-28 11:47:31,10.4.0,最火短视频平台 没有之一,best
2020-03-28 11:29:05,10.4.0,为什么不能QQ登陆,bad
2020-03-28 10:59:35,10.4.0,还可以,best
2020-03-28 10:43:55,10.4.0,是我喜欢的软件,best
2020-03-28 09:56:41,10.2.0,王默默，史上最烂，每日举报打卡第19天,bad
2020-03-28 09:05:12,10.2.0,总是用微博登录，还要绑定手机号和验证码。,good
2020-03-28 08:07:00,10.4.0,哈哈哈还好还好,best
2020-03-28 07:50:51,10.4.0,虽然短视频很多，但官方只要UP主人气高，就可以无视盗视频的行为，希望官方能改改,good
2020-03-28 04:51:56,10.4.0,抖音抨台越来越好,best
2020-03-27 22:18:16,10.4.0,相当不错,best
2020-03-27 22:07:55,10.4.0,抖音短视频很好用，我非常喜欢，感谢抖音平台带来了快乐,best
2020-03-27 21:47:46,10.4.0,很好，丰富了我的业余生活，弘扬了社会正能量！,best
2020-03-27 20:32:42,10.2.0,真的很不错,best
2020-03-27 17:36:49,10.2.0,这个效率很好。,best
2020-03-27 16:05:11,10.2.0,不怎么样,good
2020-03-27 14:56:58,10.2.0,希望能快点解不能QQ登录的问题。,good
2020-03-27 14:31:08,10.2.0,特别好,best
2020-03-27 13:17:39,10.2.0,太对了那,best
2020-03-27 12:59:04,10.2.0,怎么会莫名其妙封号？无奈，申请之后无效？？都不知道为什么被封？辛苦发的作品流限。充值？？无语了，不过视频是挺好看的。希望以后的更好！,bad
2020-03-27 12:27:06,10.2.0,不错的一个平台，希望越做越好。,best
2020-03-27 11:28:00,10.2.0,非常好～,best
2020-03-27 11:18:13,10.2.0,还好,best
2020-03-27 11:04:06,10.2.0,我也不知道为什么大家都在举报王默默，那我也跟着举报吧，每日举报王默默打卡第一天。,bad
2020-03-27 10:52:36,10.2.0,非常棒,best
2020-03-27 07:04:59,10.2.0,王默默，史上最烂，每日举报打卡第18天,bad
2020-03-27 01:37:53,10.2.0,现在抖音不知道怎么QQ授权，我很早之前用QQ登陆过，希望有人能会回答一下，谢谢,best
2020-03-26 22:08:38,10.3.0,很棒，就是希望不要再限流了,best
2020-03-26 21:53:51,9.7.0,举报毒鸡汤王默默打卡第三天。,bad
2020-03-26 21:52:41,10.3.0,太棒啦,best
2020-03-26 20:19:17,10.2.0,我更喜欢看。,best
2020-03-26 19:50:43,10.2.0,抖音，很好！,best
2020-03-26 16:02:37,10.2.0,王默默，史上最烂，举报打卡第1天 ，不知道咋回事，看别人举报我凑热闹,bad
2020-03-26 15:27:28,3.5.0,好，很好，非常好。谢谢大家！,best
2020-03-26 12:20:37,10.2.0,"关键是……

 
 
 
 
 
 
 
 
 
 
 
 
 
 
 
 
 
 
 
 
 。",best
2020-03-26 11:52:57,10.2.0,好！,best
2020-03-26 09:26:17,10.4.0,很好,best
2020-03-26 07:06:45,10.2.0,王默默，史上最烂，每日举报打卡第17天,bad
2020-03-26 07:01:14,10.2.0,非常好，我学到了不少东西。,best
2020-03-26 00:35:36,10.2.0,居然登录不了，里面还有我精心制作的视频呢,good
2020-03-25 23:04:35,10.3.0,闲暇时间涨知识，开眼界，记录每天发生快乐的生活日记,best
2020-03-25 22:20:39,9.7.0,"三观不合的人不适合结婚
爱你的人想和你结婚，你先不要答应，你要努力才能配得上他
-王默默毒鸡汤
毫无破绽的毒鸡汤，兄弟们不用我说了吧",bad
2020-03-25 22:06:48,10.2.0,抖音本来是记录美好生活的，可是一点播放量都不给，要播放量就必须充钱，还容易被XX随随便便举报，这……就是抖音记录美好生活？？？,bad
2020-03-25 18:11:07,10.2.0,其实我觉得这个软件很不错，很值得大家去玩，拍视频的同时，有好多特效，有很多搞笑的，美丽的，我觉得很好玩,best
2020-03-25 15:35:15,10.1.0,这个视频要是可以举报别人，就把别人的号给封了，那就太好了。,good
2020-03-25 12:44:49,10.4.0,很好用的休闲软件，在发视频的同时如果可以再多发点文字会更好，期待升级，祝工作团队事事顺利。——潍坊阿木,best
2020-03-25 11:17:04,10.2.0,抖音是一个很好玩的软件，推荐大家去下载，只是不要看那些负面情绪的视频哟,best
2020-03-25 09:46:48,10.2.0,抖音现在的视频太单一了一天能刷到的视频好多重复的什么奶豆腐什么的看到都烦,good
2020-03-25 09:46:35,10.4.0,你们也不容易，五星吧,best
2020-03-25 09:19:20,10.4.0,想一想抖音也不容易，给好评吧！,best
2020-03-25 07:07:51,10.2.0,王默默，史上最烂，每日举报打卡第16天,bad
2020-03-25 05:40:57,10.5.0,超级好用的软件，好玩好用，流畅度杠杠滴,best
2020-03-24 23:53:38,10.2.0,抖音，我们离不开。,best
2020-03-24 23:23:31,10.4.0,挺喜欢的,best
2020-03-24 17:40:24,10.4.0,很棒 就是有时候会限流啦,best
2020-03-24 16:28:35,10.4.0,不好玩，天天被限流，发个视屏就说我装可怜，就举报我，现在被封号了，从小到大的视屏全没了，千万不要下，差评！,bad
2020-03-24 11:11:42,10.2.0,我官方方法和国际接轨还有机会,best
2020-03-24 08:36:16,10.5.0,非常好用就是容易限流。,best
2020-03-24 07:20:26,10.2.0,王默默，史上最烂，每日举报打卡第15天,bad
2020-03-23 23:01:03,10.2.0,抖音是更新了还是我下载有问题为啥我的是这样子？？？？,best
2020-03-23 22:31:21,8.7.0,好好,best
2020-03-23 22:03:58,10.2.0,本来就是进去放松的，一群小学生，弄得人心情不好,bad
2020-03-23 21:07:34,10.2.0,有非常多好看的视频,best
2020-03-23 20:42:12,10.2.0,为什么，我登录不了？？？求解答,best
2020-03-23 19:53:54,10.2.0,不错哟！,best
2020-03-23 16:09:35,10.2.0,王默默，史上最烂，每日举报打卡第14天,bad
2020-03-23 14:57:53,10.2.0,还不赖,best
2020-03-23 13:45:36,10.2.0,抖音，全网最好最大的平台，没有之一！！！,best
2020-03-23 09:33:51,10.2.0,好玩，有趣的，涨见识的短视频平台，，国民app，大家一起来搞起,best
2020-03-23 08:26:46,10.2.0,喜欢抖音,best
2020-03-22 23:17:45,10.2.0,赶紧下载一个,best
2020-03-22 22:19:24,10.1.0,就是不知道为什么更新后就不能发视频了,best
2020-03-22 22:01:39,10.2.0,不要脸的流氓软件，随时想偷偷安装，手误安装了N次，太恶心了！！！！！,bad
2020-03-22 21:44:16,10.2.0,我的,good
2020-03-22 17:39:36,10.3.0,就是有好多喷子,best
2020-03-22 16:56:45,10.2.0,非常好，非常受欢迎！！,best
2020-03-22 13:47:56,10.3.0,呵呵太好笑了,best
2020-03-22 08:59:28,10.2.0,王默默，史上最烂，每日举报打卡第13天,bad
2020-03-22 08:32:47,10.3.0,不错的软件,best
2020-03-22 04:20:14,10.3.0,人间值得,best
2020-03-22 01:29:23,10.2.0,垃圾软件，抄袭成性，还把张之洞认成左宗棠？搞笑吧，无脑跟风，小学生太他妈多，到处转载别人视频，b站一般弹幕都是“抖音已盗”你们不丢人吗？还乱改歌,bad
2020-03-21 19:00:24,10.2.0,为什么升级不到最新版本？,good
2020-03-21 18:09:42,10.2.0,王默默，史上最烂，每日举报打卡第12天,bad
2020-03-21 15:16:56,10.4.0,给自己展现自己的一个平台。,best
2020-03-21 11:21:04,10.2.0,很榜,best
2020-03-21 11:16:08,10.2.0,好应用,best
2020-03-21 10:12:37,10.2.0,误国害民,bad
2020-03-21 07:58:54,10.2.0,总是微信登录就写了该未获得微信登录的权限。什么时候才活的呀？,bad
2020-03-20 22:21:12,10.3.0,好就是好,best
2020-03-20 18:43:34,10.2.0,这软件太好了,best
2020-03-20 13:09:12,9.8.1,挺好的,best
2020-03-20 10:38:20,10.2.0,抖音很好啊,best
2020-03-20 10:18:53,10.2.0,好看,best
2020-03-20 09:30:36,10.2.0,特别…………,best
2020-03-20 09:00:34,10.3.0,非常好非常喜欢,best
2020-03-20 07:13:07,10.2.0,王默默，史上最烂，每日举报打卡第11天,bad
2020-03-20 07:05:36,10.2.0,抖音很好  ，在这里看到了很以前看不到的东西。也学到了很多生活常识，祝愿抖音越做越好，也祝愿所有抖音工作人员工作顺利身体健康。,best
2020-03-20 00:58:27,10.2.0,记录美好生活从抖音开始！,best
2020-03-19 23:21:49,10.3.0,体验很好,best
2020-03-19 22:32:12,10.2.0,抖音太差了，在app里面操作的充值的298元，抖币还是显示为零，找客服反省情况，说是我手机的问题，使用用其他手机登录自己的账号后还是显示的零，送出的音浪也是为零。我也是无语了。,bad
2020-03-19 22:22:02,10.2.0,真的很不错，就是希望能把儿童模式改下,best
2020-03-19 16:19:17,10.2.0,太好玩了，但是可不可以把那个儿童模式删了……,best
2020-03-19 15:01:49,10.2.0,希望越来越好！,best
2020-03-19 14:49:33,10.1.0,好好好好好好好好好好好好好好,best
2020-03-19 14:47:20,10.1.0,好看,best
2020-03-19 09:36:28,10.4.0,记录生活，容易上手。老少皆宜。,best
2020-03-19 07:21:08,10.2.0,王默默，史上最烂，每日举报打卡第10天,bad
2020-03-19 07:12:04,10.2.0,很好，用着很好,best
2020-03-18 23:19:26,10.2.0,真的很棒!一路长红，感谢抖音平台，我是主播:徐三来(x15565558898),best
2020-03-18 22:15:17,10.2.0,我玩抖音，为什么点赞点不了，是怎么回事？？？有几个小时了回不到赞,best
2020-03-18 21:00:56,9.7.0,啦咯啦咯啦咯啦咯啦咯啦,best
2020-03-18 19:13:13,10.2.0,内容全面。,best
2020-03-18 17:01:34,10.2.0,一入抖音深似海，太爽了,best
2020-03-18 08:43:17,10.1.0,超级好了咧,best
2020-03-18 08:02:56,10.2.0,用的还不错。,best
2020-03-18 07:32:28,10.3.0,很好,best
2020-03-18 07:24:25,10.2.0,王默默，史上最烂，每日举报打卡第九天,bad
2020-03-18 03:51:58,10.3.0,不错的一个平台,best
2020-03-17 21:53:17,10.2.0,好，生活必备,best
2020-03-17 21:04:57,10.2.0,不错,best
2020-03-17 14:59:28,10.2.0,rz抖音，举报盗视频不处理,bad
2020-03-17 12:27:21,10.0.0,你不封王默默Mochichi就是一星理由。举报第6天，不处理继续一星,bad
2020-03-17 12:07:35,10.2.0,抖音里面的东西太多太好看了,best
2020-03-17 09:56:38,10.2.0,很好,best
2020-03-17 09:13:27,10.2.0,太好了,best
2020-03-17 07:56:01,10.2.0,很不错的一款软件。棒棒哒！,best
2020-03-17 07:52:46,10.2.0,很好,best
2020-03-17 07:42:17,10.2.0,他非常的好。我天天都要看，不然我离不开他。它里面的东西越来越多，而且非常有趣。我们全家人都要下载它。没有他就等于没有了灵魂。他是最重要的。,best
2020-03-17 07:11:43,10.2.0,王默默，史上最烂，每日举报打卡第八天,bad
2020-03-17 06:18:14,10.2.0,抖音替代微信的时间快来了,best
2020-03-16 22:56:59,10.2.0,王默默你真棒，继续大放厥词吧！,bad
2020-03-16 22:42:39,10.2.0,非长好用的一个APP西忘大家多多支持你录你的生活记录我们的每一天我给一百分好用祝它们越做越好越做越大。,best
2020-03-16 20:58:44,10.3.0,抖音平台就是好，开心快乐，生活交流就是棒,best
2020-03-16 20:43:33,10.2.0,哎呀，抖音刷刷就一天了，多好又不是不知道,best
2020-03-16 19:00:47,10.2.0,就因为抖音有王默默，我给你五星好评，但是请允许我分期付星。谢谢。,bad
2020-03-16 18:50:19,10.3.0,还是很不错的,best
2020-03-16 18:18:21,10.2.0,疫情期间宅在家里，孩子也已经爱上玩抖音了！,best
2020-03-16 14:43:13,10.2.0,恶心人，臭不要脸的一大帮死m小偷在里面；看不起，zz‘小孩’从小没家人教道德与法治（划重点)，，，，还不管管你们平台上的弱智？‘圣人们’,bad
2020-03-16 12:21:50,10.2.0,奈斯！,best
2020-03-16 10:44:09,10.3.0,我爱抖音粑粑,best
2020-03-16 10:33:56,10.2.0,很好,best
2020-03-16 08:26:22,10.2.0,好就是好，无需多说，自己体会,best
2020-03-16 07:00:39,10.2.0,王默默，史上最烂，每日举报打卡第七天,bad
2020-03-16 06:30:57,9.9.0,好的,best
2020-03-15 21:41:07,10.3.0,抖音记录美好生活.,best
2020-03-15 21:33:28,10.3.0,抖音的粉丝老是不长呜呜呜呜呜呜。,best
2020-03-15 20:22:08,10.2.0,刷抖音越刷感觉越卑微，都是有钱人,bad
2020-03-15 13:23:59,10.2.0,抖音就是个垃圾渣渣。,bad
2020-03-15 12:35:55,10.2.0,王默默，史上最烂，每日举报打卡第六天,bad
2020-03-15 08:13:57,9.9.0,不错，不错，味道好极了,best
2020-03-15 08:02:56,10.1.0,更新太慢,good
2020-03-15 07:59:52,10.1.0,还行,best
2020-03-14 22:03:05,10.2.0,抖音记录的不仅仅是生活,best
2020-03-14 20:51:33,10.3.0,我最喜欢的APP,best
2020-03-14 20:41:40,10.2.0,王默默，史上最烂，每日举报打卡第五天,bad
2020-03-14 18:15:05,10.0.0,你不封王默默Mochichi就是一星理由。举报第五天，不处理继续一星,bad
2020-03-14 16:37:06,10.3.0,很喜欢的软件,best
2020-03-14 13:49:54,10.2.0,感觉不错，亲戚朋友们都有下载，我偶尔也会发布几个视频，设事干时还可以用来解闷。,best
2020-03-14 13:19:29,10.1.0,"诱导女性树立不正确的思想观念,尤其对[微笑]女性的价值观造成严重影响!通过贬低男性从而博得女性的认可,并获得关注和点赞、建议永久封号！一天不处理，天天差评。。",bad
2020-03-14 13:16:45,9.5.0,1分的是从小没受过母爱吗？,best
2020-03-13 23:43:13,9.7.2,嗯……,best
2020-03-13 23:34:19,9.0.0,超级好用,best
2020-03-13 21:23:58,10.3.0,看视频可以学习好多知识，结交五湖四海的朋友，分享朋友的快乐。拍视频也挺好的，把自己美好的一面展示给别人，着重点在自己，而看视频着重点在以宽广的胸怀去接纳。,best
2020-03-13 21:15:46,10.1.0,好评好评,best
2020-03-13 21:03:01,10.2.0,都很好，就是太多人重名了,best
2020-03-13 20:47:07,10.2.0,挺好的短视频软件让我增长知识了解世界,best
2020-03-13 18:46:28,10.2.0,王默默。是个智障。男的还要赚钱养家呢,best
2020-03-13 18:43:33,10.2.0,非常好,best
2020-03-13 17:31:08,10.2.0,王默默，史上最烂，每日举报打卡第四天,bad
2020-03-13 10:42:07,10.2.0,很好，但不能用QQ登录，很可惜。,best
2020-03-13 10:27:33,9.7.0,小游戏根本过不去，垃圾,bad
2020-03-13 08:14:38,10.2.0,女性永远比男性付出的多，我们要生孩子，你们男人就是配不上我们。      一我国著名作家王默默,bad
2020-03-13 01:07:14,10.2.0,举报王默默天天给未成年灌毒鸡汤，妈的够了啊，我都退圈了还要怎么样，有本事封我号，差评差评差评,bad
2020-03-13 01:03:59,10.2.0,就是太费时间。,best
2020-03-12 22:06:51,9.9.0,这个软件真的很好用，什么都可以看到,best
2020-03-12 21:23:43,10.3.0,这个平台太好了，让我们有了展示的平台，在这个平台上学知识，听故事，开心娱乐，好多好多的正能量,best
2020-03-12 18:49:42,10.2.0,我想玩抖音,best
2020-03-12 16:31:26,10.2.0,很喜欢抖音,best
2020-03-12 15:27:28,10.2.0,抖音就是垃圾，不能发长视频快手就能发长视频,good
2020-03-12 15:07:00,10.2.0,谢谢抖音大大的流量,best
2020-03-12 11:25:03,10.2.0,还可以,best
2020-03-12 10:16:46,10.2.0,王默默，史上最烂，每日举报打卡第三天,bad
2020-03-12 09:34:25,10.3.0,越来越多的粉丝,best
2020-03-12 08:14:11,10.1.0,挺好的,best
2020-03-12 07:08:35,10.3.0,抖音是综合性较强的平台,best
2020-03-11 23:31:52,10.2.0,王默默，史上最烂，每日举报打卡第二天,bad
2020-03-11 21:44:01,10.2.0,很好的APP,best
2020-03-11 21:10:31,10.1.0,很好用,best
2020-03-11 21:09:00,10.1.0,好，感觉很好,best
2020-03-11 21:02:30,10.2.0,这就是他妈的是个垃圾,bad
2020-03-11 20:18:55,10.2.0,抖音让私流入口转变成公流入口，带来的好处是无法形容的。,best
2020-03-11 17:09:04,10.1.0,坚决抵制王默默,bad
2020-03-11 11:24:39,10.1.0,不错不错,best
2020-03-11 11:05:22,10.1.0,挺好,best
2020-03-11 10:17:47,10.1.0,不是要给一星 我连你一星都不会给 老二永远是老二 内涵段子要是不死有你出头之位吗 垃圾,bad
2020-03-11 08:43:30,10.2.0,里面的短视频都特别有意思,best
2020-03-10 23:18:24,9.9.0,非常的有意义。,best
2020-03-10 21:34:45,10.1.0,刷了默默，我女朋友的人生观变得很消极，是不是被罐了毒鸡汤,bad
2020-03-10 19:25:57,10.1.0,王默默，史上最烂，每日举报打卡第一天,bad
2020-03-10 18:40:55,10.2.0,强大的抖音，很不错！,best
2020-03-10 17:58:10,10.1.0,上面的视频越来越不行，三观太危险，给社会造成了不好的影响，希望有关部门能整改，或者下架。三观不正，对社会造成危害。,bad
2020-03-10 14:21:17,9.7.0,老是给我的作品限流，就是这方面，不然就挺好的。,best
2020-03-10 14:11:06,10.1.0,真的可以很好,best
2020-03-10 11:51:00,10.1.0,不错，抖音记录平凡的自己！,best
2020-03-10 11:11:01,10.1.0,微博，抖音都已经被毒鸡汤沦陷了，低俗内容遍地都是,bad
2020-03-10 10:23:07,10.1.0,爱了爱了,best
2020-03-10 08:48:37,10.1.0,上面的视频越来越不行，三观太危险，给社会造成了不好的影响，希望有关部门能整改，或者下架。,bad
2020-03-10 00:07:12,10.1.0,100,best
2020-03-09 23:39:10,10.2.0,很好,best
2020-03-09 23:25:46,10.1.0,垃圾软件,bad
2020-03-09 22:17:23,10.1.0,每日一滴，默默贡献,bad
2020-03-09 21:26:24,10.1.0,超级喜欢,best
2020-03-09 19:53:32,,怎嘛在电脑下载抖音,best
2020-03-09 17:11:49,10.1.0,我的球球登不上。,good
2020-03-09 14:30:22,10.1.0,恶意传播负能量视频，纵容王默默之流毒鸡汤坑害荼毒女性思想！,bad
2020-03-09 13:14:39,10.1.0,王默默，你懂的，日常刷一星,bad
2020-03-09 12:54:32,10.1.0,王默默，史上最烂，每日举报打卡,bad
2020-03-09 12:10:52,10.1.0,新版本为什么不能快进视频，搜索也搜索不出来,bad
2020-03-09 10:04:48,10.1.0,这个软件很好用，很有趣。,best
2020-03-09 04:24:59,10.1.0,推荐机制很稳定，内容优质，赞赞赞,best
2020-03-09 00:22:03,10.1.0,抖音是当下最热门最好玩的软件,best
2020-03-08 23:24:46,10.1.0,我发几个反对外国人永久居住条例的视频就给我限流了，以后发的视频都没有一个流量，没有媒体的骨气,bad
2020-03-08 21:37:52,10.1.0,感谢官人提供绿色正能量平台，可不可以让我每天上上热门啊,best
2020-03-08 13:13:49,10.1.0,我觉得很好啊！,best
2020-03-08 13:09:17,10.1.0,非常正能量的平台 大家都非常热爱,best
2020-03-08 09:02:44,10.1.0,特别好，闲杂时间看看，挺有趣的.,best
2020-03-08 01:51:28,9.8.5,好好看,best
2020-03-08 00:19:28,9.7.0,维护家庭和睦，从抵制王默默做起,bad
2020-03-07 22:48:52,10.1.0,王默默，史上最烂,bad
2020-03-07 17:41:50,10.1.0,抖音这个平台还可以，可以交朋友，可以广告，都要以事实为主。,best
2020-03-07 16:47:32,10.1.0,有需要那个抖音的吗？哈哈哈！懂的都懂,best
2020-03-07 16:29:59,10.1.0,爱辽爱辽，我喜欢什么它就给我来什么，我爱抖音哈哈哈,best
2020-03-07 15:36:31,10.0.0,抖音是一个很有正能量，自我治愈心灵的平台，很好,best
2020-03-07 14:52:52,9.7.0,嗯不错的,best
2020-03-07 10:38:48,10.1.0,抖音更新之后不知道怎么加好友，就是那个搜抖音号，还有不知道在点什么直播。,bad
2020-03-07 02:39:21,7.4.0,辣鸡王默默挑拨夫妻感情，是危害社会的毒瘤！,bad
2020-03-06 22:32:41,10.0.0,刚刚学会玩抖音，感觉挺好的！,best
2020-03-06 19:34:46,10.1.0,"抖音平台太好了，看到世界上所有新鲜事。
我已经爱上了抖音短视频，迷茫的自己找到曙光了，
虽然年龄大了，短视频创业 我还是赶上了。",best
2020-03-06 17:39:40,9.8.1,超级喜欢的，有木有,best
2020-03-06 17:30:35,10.1.0,喜欢看抖音，拍抖音，这都是我每天的必修课,best
2020-03-06 15:02:34,10.1.0,打发时间还是不错的,best
2020-03-06 13:57:31,10.1.0,抖音现在越来越垃圾了，想看下评论看到的却都是垃圾官方，各种垃圾官方！每天视频里都是这种垃圾官方，真的吐了！,bad
2020-03-06 11:57:45,10.1.0,抖音粑粑真的太正能量了，我会继续拍更好的作品给抖友们关看,best
2020-03-06 11:30:51,10.1.0,王默默，发表毒鸡汤,bad
2020-03-06 10:56:18,10.1.0,现在的抖音已经成为毒鸡汤的温床了，放任以王默默为代表的毒鸡汤制造者，给中国青少年女性灌输不正确的价值观，而且各种举报都没有用，抵制垃圾平台，从我做起,bad
2020-03-06 10:54:07,10.1.0,不封王默默每天刷一星,bad
2020-03-06 10:05:54,10.1.0,视频质量太差！,bad
2020-03-06 08:56:54,10.2.0,不错  喜欢的app,best
2020-03-06 07:40:48,10.1.0,好玩啦还有小程序呢,best
2020-03-05 21:45:29,10.1.0,emmm,best
2020-03-05 20:26:57,10.0.0,很好,best
2020-03-05 19:47:26,10.0.0,好用好用  我与世界沟通的桥梁,best
2020-03-05 19:26:28,10.1.0,大好用了,best
2020-03-05 19:04:51,10.0.0,有趣，实用,best
2020-03-05 19:00:37,10.1.0,喜欢哦,best
2020-03-05 18:00:00,8.8.0,王默默发毒鸡汤,bad
2020-03-05 13:40:26,9.6.0,不封王默默，天天来刷一星。,bad
2020-03-05 11:58:43,9.7.0,举报王默默，你懂的,bad
2020-03-05 10:33:58,10.1.0,很好很好的一个评台我很喜牛牛,best
2020-03-05 10:09:47,10.0.0,王默默类的不封，造谣不辟谣，还想干啥为了流量脸都不要了？,bad
2020-03-05 08:38:56,10.1.0,我喜欢抖音。,best
2020-03-05 02:56:14,10.1.0,喜欢抖音，感谢抖音！,best
2020-03-04 21:15:35,10.1.0,非常贴近生活，在业余时间给我们带来了欢乐,best
2020-03-04 19:33:43,10.1.0,整体不错,best
2020-03-04 18:59:25,10.0.0,虽然是很好，但是我觉得快手更好(个人意见勿喷),best
2020-03-04 17:33:19,10.1.0,"诱导女性树立不正确的思想观念,尤其对[微笑]女性的价值观造成严重影响!通过贬低男性从而博得女性的认可,并获得关注和点赞、建议永久封号！一天不处理，天天差评。。。",bad
2020-03-04 16:41:14,10.1.0,小学生和畜生喷子有点多，举报也没用，什么女权主义，色情直播，网上互赌互骂，贬低学校国家到处都是，当然好的视频也有只是有用的真正符合社会价值观的在少数，觉得对回复一下，我看一下有几个理智的人和几个畜生喷子,best
2020-03-04 15:05:56,10.1.0,有问题不处理，我是因为毒鸡汤女王王默默给一星，垃圾,bad
2020-03-04 13:23:25,10.0.0,毒鸡汤的温床，放任以王默默为代表的毒鸡汤理论制造者活跃在平台上，给中国青少年女性造成很不好的价值观,bad
2020-03-04 12:03:28,10.1.0,"男人请不起8000块一个月的保姆 就配不上我给他生孩子做出的牺牲
2.只要女人还在生孩子，就没有真正的平等，因为现代文明配不上我们的付出。
一一一我国著名作家王默默",bad
2020-03-04 09:00:53,10.1.0,看的视频都挺有趣的,best
2020-03-04 07:53:47,10.1.0,王默默，骗子一个,bad
2020-03-04 07:31:59,10.1.0,好用，就是太好用了，耽误写作业,best
2020-03-04 00:07:17,10.0.0,太棒啦,best
2020-03-03 22:36:48,10.1.0,满星那是可能的。,best
2020-03-03 21:42:27,10.1.0,最低只能一星吗 看你何时完？,bad
2020-03-03 20:13:27,10.1.0,抖音成就了我唱戏的梦想，让我认识了我从未见过面的很多网友，传递正能量，我非常喜欢抖音，抖音小助手！,best
2020-03-03 19:47:37,10.0.0,抖音啊，能不能将这些改回原来那个样子啊，这样很麻烦啊,best
2020-03-03 12:15:24,10.0.0,很不错的平台，通过视频了解多很多知识和拓展视野,best
2020-03-03 11:36:11,10.1.0,打发零散时间的好去处,best
2020-03-03 11:06:29,10.0.0,毒鸡汤太多，骗子也不少,bad
2020-03-03 09:42:38,8.0.0,辣鸡,bad
2020-03-03 09:41:40,10.0.0,可以学到很多干货，好好利用,best
2020-03-03 06:05:05,10.0.0,很好用！最近一直在用，特别喜欢！,best
2020-03-03 02:08:44,10.0.0,抖音价值观不好的人，居然没处罚@王默默,bad
2020-03-02 23:45:57,10.0.0,好牛逼的抖音。开始禁言了,bad
2020-03-02 23:21:15,9.6.0,反对外国人永久居留管理条例，被封号,bad
2020-03-02 22:40:22,10.0.0,自从有了抖音每天少睡两个小时,best
2020-03-02 22:16:03,9.7.0,很不错，就是上热门难,best
2020-03-02 21:58:18,9.9.0,包庇毒害社会的毒瘤主播王默默 内容涉及危害社会女性对情感 婚姻的价值观 对婚后生活失去希望 让网友家庭支离破碎,bad
2020-03-02 20:59:32,9.9.0,抖音很好看，非常好,best
2020-03-02 19:26:27,10.0.0,王默默，就是网络上的新冠病毒，毒害多少人，激化矛盾，并以此为生，当被大家发现群起而攻，她就变得狡猾起来，开始删除视频发新的洗白自己。抖音这个平台呢，提供给这种病毒成长的空间，并不加监管，差评收好,bad
2020-03-02 18:41:12,10.0.0,不错，能学到很多知识。,best
2020-03-02 18:34:45,10.0.0,就是火不了，要是能火的话，可以五星,best
2020-03-02 18:16:30,10.0.0,希望官方多给一些教程,best
2020-03-02 16:47:10,10.0.0,"举报理由:抖音王默默:诱导女性树立不正确的思想观念,尤其对、青年少女，造成严重的三观扭曲、造成两性对立极端化！严重破坏他人家庭，和夫妻感情导致离婚，毫无底线与人性。",bad
2020-03-02 14:16:33,10.0.0,王默默现出名了不假，可惜出的个臭名。,bad
2020-03-02 14:15:00,9.6.0,本来挺好用的，结果看到了“王默默mochichi”恶心到我了，1分不能再高了。,bad
2020-03-02 13:57:26,10.0.0,你不封王默默Mochichi就是一星理由。举报第四天，不处理继续一星,bad
2020-03-02 13:22:00,10.0.0,好用,best
2020-03-02 12:20:32,10.0.0,"诱导女性树立不正确的思想观念,尤其对[微笑]女性的价值观造成严重影响!通过贬低男性从而博得女性的认可,并获得关注和点赞、建议永久封号！一天不处理，天天差评",bad
2020-03-02 11:05:22,10.0.0,某音这是要帮yyy啊？真好！我巴不得你这样干！,bad
2020-03-02 10:59:56,10.1.0,抖音平台恶意纵容毒鸡汤，以及不良言论主播，例如王默默，孙能能。打压正能量主播，造成极其恶劣影响，误导女性，传播扭曲负能量，造成当今社会离婚率的提高，与和谐社会价值观背道而驰，危害巨大。恳请封杀此类邪恶不良思想的传销软件！！！！！,bad
2020-03-02 10:01:23,10.0.0,国家整理抖音，封号王默默，毒王,bad
2020-03-02 08:44:33,9.2.0,毒王横行，倒行逆施，天理不容。。。,bad
2020-03-02 08:03:39,10.0.0,没事拍拍小视频真的很不错,best
2020-03-02 07:27:29,10.0.0,抖音毒鸡汤王默默害人不浅。必须差评,bad
2020-03-02 03:46:21,10.0.0,孩子都学坏啦,bad
2020-03-02 03:03:23,10.0.0,很不错的体验,best
2020-03-02 01:57:05,10.0.0,一日不封王默默，就到每个应用商店打差评,bad
2020-03-02 01:52:49,10.0.0,感谢抖音，让我发现身边的美好，也让我遇见很多有趣的人,best
2020-03-02 00:58:22,10.0.0,抖音确实不错，传播正能量，还有很多有趣的视频，而且能显示自己，是休闲娱乐的好平台！支持！我现在也经常再抖音上分享快乐给大家！,best
2020-03-02 00:57:11,10.1.0,平台处理一问题时不能公平公正的处理 从在不作为现象,bad
2020-03-02 00:50:54,9.9.0,推荐可以！但是更新希望别那么快，好像一个星期一次,best
2020-03-01 23:45:39,10.0.0,个咯啦咯啦咯啦咯,best
2020-03-01 22:25:39,10.0.0,超级好看,best
2020-03-01 22:16:09,10.1.0,很好！,best
2020-03-01 22:15:33,10.0.0,非常好,best
2020-03-01 21:51:57,10.0.0,用了几天很好,best
2020-03-01 21:43:36,10.0.0,因为王默默差评！哦！,bad
2020-03-01 21:23:04,10.0.0,王默默我都没过来评一星评分。喜欢屏蔽杨宜勇是吧，拉中国女大学生跟黑人联姻还要引进1亿黑人。一星评分送给你，再加一句掩耳盗铃你屏蔽的完吗,bad
2020-03-01 21:04:52,10.0.0,非常好,best
2020-03-01 20:52:25,10.1.0,毒鸡汤,bad
2020-03-01 20:16:22,10.0.0,好用好用,best
2020-03-01 18:39:48,10.0.0,王三婚一天不封，天天一星,bad
2020-03-01 18:13:05,10.0.0,"不封王默默，天天一星。这个女人诱导女性树立不正确的思想观念,尤其对少年女性的价值观造成严重影响!属实毒鸡汤。",bad
2020-03-01 15:52:59,10.0.0,坚决抵制王默默，她不封号我就每天过来刷1星评论,bad
2020-03-01 14:32:10,9.9.0,很不错！,best
2020-03-01 13:51:47,9.2.0,不封王默默等等，有损青少年健康价值观的行为，都是在默认粪便在身。,bad
2020-03-01 13:47:48,10.0.0,纵容破坏社会稳定的疑似间谍活动,bad
2020-03-01 13:36:39,10.0.0,全网最火 就是抖音了  抖音人人必备  别的啥也不用说,best
2020-03-01 13:17:32,10.0.0,毒鸡汤咋不处理？？,bad
2020-03-01 12:56:23,10.0.0,"举报王默默，举报理由：诱导女性树立不正确的思想观念,尤其对少年女性的价值观造成严重影响!通过贬低男性从而博得女性的认可,骗取关注和点赞，社会影响恶劣，造成严重不良影响。",bad
2020-03-01 12:44:49,9.6.1,毒鸡汤王，求封,bad
2020-03-01 12:36:20,10.0.0,麻烦封掉那个王默默，祸害青少年身心健康,bad
2020-03-01 12:24:32,10.0.0,王默默：只要女人还在生孩子，男女就不平等,bad
2020-03-01 11:35:35,10.0.0,误导人的鸡汤要不要来一碗呢？,bad
2020-03-01 11:12:59,9.7.0,"王默默:所以只要女性还在生孩子，就没有平等
@无路可逃：@王默默Mochichi：所以不是为什么爱一定要建立在物质基础之上，而是物质基础是爱的产物[啤酒]",bad
2020-03-01 10:34:21,10.0.0,王大师,bad
2020-03-01 10:26:08,7.3.0,王默默说的都是什么屁话,bad
2020-03-01 10:04:21,9.9.0,商业运营不择手段，传播社会不良风气，网友多次举报未得结果，无社会价值观，引导负能量！不封王默默就全体举报封抖音,bad
2020-03-01 09:56:20,10.0.0,王默默，就是网络上的新冠病毒，毒害多少人，激化矛盾，并以此为生，当被大家发现群起而攻，她就变得狡猾起来。抖音这个平台呢，提供给这种病毒成长的空间，并不加监管，差评收好,bad
2020-03-01 09:44:43,8.7.0,差评,bad
2020-03-01 09:38:18,10.0.0,你不封王默默Mochichi就是一星理由。举报第三天，不处理继续一星,bad
2020-03-01 09:20:21,10.1.0,抖音平台恶意纵容毒鸡汤，以及不良言论主播，例如王默默，孙能能。打压正能量主播，造成极其恶劣影响，误导女性，传播扭曲负能量，造成当今社会离婚率的提高，与和谐社会价值观背道而驰，危害巨大。恳请封杀此类邪恶不良思想的传销软件。。,bad
2020-03-01 08:56:35,10.0.0,纵容扰乱社会治安，破坏社会稳定的间谍活动,bad
2020-03-01 08:37:46,9.4.0,王摸摸，烂烂烂,bad
2020-03-01 08:14:51,9.6.1,举报王默默，散播不正当的价值观，不正当言论具有危害两性以及夫妻关系作用，对社会稳定具有相当大的破坏力，希望抖音能够将毒鸡汤女王封杀，每天举报一次，直到封号为止。,bad
2020-03-01 07:42:22,9.8.1,真的很好，值得下载,best
2020-03-01 07:41:48,10.0.0,话不多说，封王默默,bad
2020-03-01 07:00:21,10.0.0,垃圾运营,bad
2020-03-01 04:15:22,10.0.0,抖音价值观不好的人，居然没处罚,bad
2020-03-01 02:50:08,10.1.0,不封王默默，天天来给一分。咋滴了我说两句就封我的评论，王默默破坏两性教育这就对吗 还是你们APP只看流量，如果是这样那就是垃圾APP,bad
2020-03-01 02:45:21,10.1.0,不封王默默，天天来给一分。,bad
2020-03-01 02:26:44,9.6.0,王墨墨是你妈莫还不封,bad
2020-03-01 02:12:14,9.7.0,王默默视频引起家庭纠纷，抖音举报后不做处理。,bad
2020-03-01 01:45:25,9.6.1,"毒鸡汤王王默默，诱导女性树立不正确的思想观念,尤其对少年女性的价值观造成严重影响!通过贬低男性从而博得女性的认可,并获得关注和点赞、建议永久封号！",bad
2020-03-01 01:28:21,9.9.0,现在的抖音晒离婚，传播负能量的到处都是，特别是那王默默多少家庭因为她而妻离子散。还不封也是无语了，,bad
2020-02-29 23:29:04,9.7.0,封掉王默默,bad
2020-02-29 23:26:38,9.7.0,好人你封号，坏人你纵容。,bad
2020-02-29 23:23:03,10.0.0,王默默毒鸡汤制造两性对立，抖音看她直播礼物多，竟然放任不管，垃圾,bad
2020-02-29 23:17:14,10.0.0,王默默，人血馒头。毫无道德底线，给这种人平台发挥传播负面能量，你活该一星,bad
2020-02-29 22:11:04,9.7.0,毒鸡汤太多,bad
2020-02-29 21:26:52,10.0.0,纵容破坏社会稳定的间谍活动。,bad
2020-02-29 21:13:34,10.0.0,抖音平台纵容毒鸡汤，举报王默默,bad
2020-02-29 20:58:27,10.0.0,此平台纵然不当言论大肆传播。严重影响社会稳定,bad
2020-02-29 20:49:21,10.0.0,不封王摸摸毒鸡汤，0星再见,bad
2020-02-29 19:15:13,10.0.0,赶紧封杀王默默，天天那么多人举报王默默眼睛瞎了吗，不然天天给你打一星,bad
2020-02-29 19:12:38,9.9.0,信息获取新渠道，传播正能量！划时代的创新！,best
2020-02-29 18:45:21,9.5.0,不封王默默只给1星,bad
2020-02-29 18:31:26,10.0.0,为了流量不封杀毒女王默默，只能给一星，字节跳动这都不管，抖音早晚完蛋,bad
2020-02-29 17:41:58,9.6.0,举报鼓动两性对立不管，抖音号348989740，田园女权价值观不管,bad
2020-02-29 17:40:16,10.0.0,不封那个女人每天一个差评,bad
2020-02-29 16:14:00,10.1.0,抖音平台恶意纵容毒鸡汤，以及不良言论主播，打压正能量主播，造成极其恶劣影响，误导女性，传播扭曲负能量，造成当今社会离婚率的提高，与和谐社会价值观背道而驰，危害巨大。恳请封杀此类邪恶不良思想的传销软件。。。！！！,bad
2020-02-29 15:11:41,10.0.0,感觉抖音快和快手一样了，像王默默这种低俗短视频者越来越多，恶心,bad
2020-02-29 14:59:13,9.0.0,"毒鸡汤太多。比如王默默，诱导女性树立不正确的思想观念,以女性付出特别多与女性粉丝产生共鸣，以此来贬低男性的付出,尤其对18-30女性的价值观造成严重影响!通过贬低男性从而博得女性的认可,制造两性对立，不利于社会主义和谐。",bad
2020-02-29 14:45:37,9.0.0,不对短视频进行审核，王默默发表了很多仇婚视频,bad
2020-02-29 14:12:51,10.0.0,允许有争议的炒作，但也不能没底线，王默默,bad
2020-02-29 13:55:39,10.0.0,举报毒鸡汤，王默默,bad
2020-02-29 13:40:00,9.6.0,"举报王默默mchichi,毒鸡汤威海三观未成熟的人，危害抖音平台，不处理平台难保",bad
2020-02-29 13:37:32,9.9.0,多类毒鸡汤，让人引起不适，强烈要求封号王默默,bad
2020-02-29 13:20:02,10.0.0,贩卖焦虑，激化两性矛盾，道德沦丧，病毒一样。王默默，人血馒头。抖音，里面有颗大屎,bad
2020-02-29 13:05:15,10.1.0,抖音平台恶意纵容毒鸡汤，以及不良言论主播，打压正能量主播，造成极其恶劣影响，误导女性，传播扭曲负能量，造成当今社会离婚率的提高，与和谐社会价值观背道而驰，危害巨大。恳请封杀此类邪恶不良思想的传销软件！！！！！！！！！,bad
2020-02-29 12:25:41,10.0.0,来自毒鸡汤的一星好评,bad
2020-02-29 12:17:55,10.0.0,里面毒鸡汤诱导离婚，然后卖女性,bad
2020-02-29 12:14:28,10.0.0,抖音视频破坏社会和谐，造成两性对立,bad
2020-02-29 11:51:01,10.0.0,你不封王默默Mochichi就是一星理由。举报第二天，不处理继续一星,bad
2020-02-29 11:50:02,10.1.0,日常举报王默默,bad
2020-02-29 11:44:52,9.7.0,举报毒鸡汤女王王默默，恶意制造男女对立，影响国家和谐与稳定。售卖假冒伪劣产品虚假宣传。抖音眼里只有钱，对这些人毫无惩罚,bad
2020-02-29 11:25:30,10.0.0,超级好,best
2020-02-29 11:03:44,9.8.1,笑死了，毒鸡汤怎么多，咋滴官方看不出来?,bad
2020-02-29 10:52:45,10.0.0,日常一星，举报王默默官方不管？,bad
2020-02-29 10:42:10,10.0.0,抖音  记录美好生活,best
2020-02-29 10:35:08,10.0.0,不要限流就好,best
2020-02-29 10:27:05,9.9.0,特意进来举报王默默这个万人骑，说的都是挑拨家庭不和谐的言论。传播不正确的三观。抖音居然还容忍这样的人存在！,bad
2020-02-29 10:16:09,10.0.0,比快手强，但是最近我发现有些快手的人来抖音了，拍那段子太假了，太SB。,best
2020-02-29 10:14:15,10.0.0,抖音鸡汤王默默，男女关系对立，传播不良价值观，诱导现代观念不强少女,bad
2020-02-29 10:05:45,10.1.0,抖音平台恶意纵容毒鸡汤，以及不良言论主播，打压正能量主播，造成极其恶劣影响，误导女性，传播扭曲负能量，造成当今社会离婚率的提高，与和谐社会价值观背道而驰，危害巨大。恳请封杀此类邪恶不良思想的传销软件！！！！！！！！！！！,bad
2020-02-29 10:02:18,10.0.0,毒鸡汤太多，误导青少年正确价值观。,bad
2020-02-29 10:00:53,10.0.0,放纵王默默这种垃圾货直播，一星,bad
2020-02-29 09:57:08,10.0.0,毒鸡汤王默默咋不处理？？,bad
2020-02-29 09:38:56,10.0.0,只所以给一星，都是因为王默默，发布毒鸡汤，以偏概全，建议给予封号处理！,bad
2020-02-29 09:18:52,9.0.0,"毒鸡汤太多。诱导女性树立不正确的思想观念,以女性付出特别多与女性粉丝产生共鸣，以此来贬低男性的付出,尤其对18-30女性的价值观造成严重影响!通过贬低男性从而博得女性的认可,制造两性对立，不利于社会主义和谐。",bad
2020-02-29 09:18:37,10.0.0,毒鸡汤太多。。。,bad
2020-02-29 08:51:57,10.0.0,纵容王默默等一干所谓的情感主播，散播不当言论，影响社会安稳。,bad
2020-02-29 07:52:16,10.0.0,差评，,bad
2020-02-29 07:47:51,10.1.0,像王默默这种女人生孩子就永远不公平的视频，他都不下架，该给他一些，让他知道知道滋味。,bad
2020-02-29 04:52:38,10.0.0,《只要女人还在生孩子，就没有真正的平等，因为现在的社会文明配不上她们的付出》摘自王默默2020.2.17经典语录,bad
2020-02-29 04:50:39,,评论最是恶心透顶，全部是立牌坊的装b分子，伪君子圣母横行,bad
2020-02-29 02:37:44,10.0.0,垃圾软件,bad
2020-02-29 00:30:25,9.6.0,举报鼓动两性对立不管,bad
2020-02-28 23:47:35,10.0.0,毒鸡汤不处理，，，。,bad
2020-02-28 23:32:48,9.8.1,有王默默这样的毒鸡汤不举报干啥,bad
2020-02-28 23:06:36,10.0.0,为啥举报小号5分钟内成功？举报毒鸡汤女王王默默上千人不成功？是因为她能给平台带来流量和收入吗？还是别的原因什么的！现在平台都被什么充斥的？规则又是为谁服务的？别看现在你很风光，都是我们这些打工人造就着你们的辉煌，总有一天，正义会来临，报应会来到的，别着急，刀那时候，你哭都没人看。,bad
2020-02-28 22:39:50,10.0.0,有问题不处理，我是因为毒鸡汤女王王默默给一星,bad
2020-02-28 22:05:17,10.0.0,纵容王默默等一系列网络毒鸡汤大肆传播。各种怨妇言论，极其影响社会稳定。由怨妇言论而起，现在也应该由怨妇言论而终，强烈要求下架抖音！,bad
2020-02-28 21:46:32,10.0.0,王嬷嬷不封杀，抖音必须一星，我准备3月2号卸载抖音，去尝鲜快手,bad
2020-02-28 21:39:27,10.0.0,"诱导女性树立不正确的思想观念,尤其对、青年少女，造成严重的三观扭曲、造成两性对立极端化！严重破坏他人家庭，和夫妻感情导致离婚，毫无底线与人性。",bad
2020-02-28 21:36:10,10.0.0,王，一星，懂的,bad
2020-02-28 21:30:27,9.9.0,非常好,best
2020-02-28 20:59:57,10.0.0,快手是低俗，你们是无耻，毫无底线，王默默那么多人投诉也不管，,bad
2020-02-28 20:59:48,10.0.0,挺好的,best
2020-02-28 20:46:54,8.7.0,差评鸡汤太多了,bad
2020-02-28 20:29:17,10.0.0,赶紧封杀王默默，不然天天给你打一星，天天那么多人举报王默默眼睛瞎了吗,bad
2020-02-28 20:20:17,10.0.0,真好,best
2020-02-28 18:26:31,10.0.0,广告太多，视频忽悠人的太多,bad
2020-02-28 18:22:11,10.0.0,宣传毒鸡汤，不管不问,bad
2020-02-28 17:41:56,9.9.0,"最近出来一个博主王默默 诱导女性树立不正确的思想观念,以女性付出特别多与女性粉丝产生共鸣，以此来贬低男性的付出,尤其对18-30女性的价值观造成严重影响!通过贬低男性从而博得女性的认可,制造两性对立",bad
2020-02-28 17:24:36,9.9.0,毒鸡汤太多还不封,bad
2020-02-28 16:51:12,10.0.0,差评，都是一些毒鸡汤，投诉也没用,bad
2020-02-28 16:38:52,10.0.0,软件挺不错的，就是有一个缺点，它整天跟我玩限流,best
2020-02-28 15:22:00,10.0.0,挺喜欢抖音，就是一次热门都没让我上过,best
2020-02-28 15:16:21,10.0.0,非常的好哦！,best
2020-02-28 15:09:30,9.7.0,全网都是些散播毒鸡汤挑起两性战争的商业号，官方居然不闻不问..垃圾软件,bad
2020-02-28 14:06:13,10.0.0,"自恋的地方，
发泄心情，看了你也不懂(=_=)真亦假时，假亦真
搜索自己喜欢的视频，音乐",best
2020-02-28 13:52:51,9.9.0,封杀王默默,bad
2020-02-28 13:20:14,10.0.0,"王默默：诱导女性树立不正确的思想观念,尤其对少年女性造成严重影响",bad
2020-02-28 13:16:37,9.6.0,封杀王默默,bad
2020-02-28 13:07:43,10.0.0,好用，有意思！,best
2020-02-28 13:01:26,9.9.0,纵容毒鸡汤，不封号,bad
2020-02-28 12:08:50,9.9.0,抖音最近出来个毒鸡汤王默默，你们不管，我就天天差评,bad
2020-02-28 11:38:03,10.0.0,抖音本来是用来纪录美好生活传播正能量的平台，可是最近像王默默和孙能能这两大传销毒鸡汤，散播不良言论，无底线无下限讨好女性，侮辱中国男性的言论竟然在抖音平台大行其道，这两人的错误扭曲的价值观严重误导了很多女性，导致社会不良风气以及离婚率的上升，同时抖音还把一些正能量反毒鸡汤不良言论的主播给限流，封号等。抖音平台不顾全网友的正义声讨，宣传、纵容负能量和恶毒鸡汤等不良言论的传播，已经变得污浊不堪，这与和谐社会价值观背道而驰，十分危险，强烈呼吁广大网友卸载抖音毒鸡汤平台。,bad
2020-02-28 10:48:11,9.9.0,很好！,best
2020-02-28 09:14:39,9.9.0,真好用,best
2020-02-28 08:49:54,9.9.0,更不错,best
2020-02-28 07:38:04,9.9.0,牛逼,best
2020-02-28 05:02:01,3.7.0,差评,bad
2020-02-28 01:14:14,9.0.0,你不封王默默Mochichi就是一星理由。,bad
2020-02-28 00:54:11,9.9.0,毒鸡汤太多,bad
2020-02-27 23:41:43,10.0.0,王默默这样的人都不封   一天不封 一天举报不断,bad
2020-02-27 22:52:45,10.0.0,还不错，能推荐出自己想看的视频，各种新花样，新玩法视频中都有，唯一不足的是举报某些人后，没有向用户反馈举报的人是否受到处理与受到什么样的处理，这样表明会更好。,best
2020-02-27 22:29:10,9.9.0,关注我更有趣。虎鲨,best
2020-02-27 22:25:03,10.0.0,迷上了抖音无法自拔。,best
2020-02-27 21:19:01,10.0.0,斗音给人们生活带来许多便利,best
2020-02-27 20:34:50,10.0.0,王默默你们不管吗，还有底线吗，,bad
2020-02-27 20:30:43,10.0.0,王默默毒鸡汤真好，你们也不管，垃圾，毫无底线可言,bad
2020-02-27 19:33:50,9.8.1,自从有了抖音，我就无心学习了。,best
2020-02-27 19:33:50,10.0.0,以后再自动下载安装一次，我就骂你一次。,bad
2020-02-27 19:28:30,10.0.0,抖音短视频可以看一些有关学习的知识，直播，等等，可多人才,best
2020-02-27 16:54:50,10.0.0,莫西莫西,best
2020-02-27 15:40:57,10.0.0,第一次注册了企业号，说实话，我本人提升了很多,best
2020-02-27 14:56:31,9.9.0,很好,best
2020-02-27 10:37:52,10.0.0,玩了三年了，很怀念17年的抖音,best
2020-02-27 10:16:14,10.0.0,很好，可以记录生活的点点滴滴，功能强大，很多模板和小视频，非常喜爱,best
2020-02-27 10:15:48,10.1.0,沉迷抖音 无法自拔,bad
2020-02-27 07:08:19,10.0.0,很强大的软件平台，是个趋势，学习不少。希望越做越好！！,best
2020-02-27 01:57:08,9.2.0,"举报王默默，举报理由：诱导女性树立不正确的思想观念,尤其对少年女性的价值观造成严重影响!通过贬低男性从而博得女性的认可,并获得关注和点赞。建议永久封号！",bad
2020-02-27 01:54:49,9.9.0,呃呃呃,best
2020-02-26 23:45:34,9.8.1,刚刚,best
2020-02-26 23:33:00,10.0.0,要下载的小可爱快来鸭,best
2020-02-26 23:23:21,9.9.0,你不封王默默，你抖音就等着分期付款,bad
2020-02-26 22:09:01,10.0.0,更新了之后不会看直播了有人教教我吗,good
2020-02-26 21:40:01,10.0.0,"抖音短视频内容丰富
我很喜欢。",best
2020-02-26 18:58:16,10.0.0,又自动下载安装。tmd谁让软件自动下载安装？这是侵权。自动下载安装几十次了近百次了。,bad
2020-02-26 14:54:56,9.9.0,抖音这个平台好，充实了我自己，在里面学到了不少东西，在这个平台上能充分的显示自己的情感，希望抖音越来越好，不断的给大家带来欢乐！,best
2020-02-26 14:13:33,,好看，内容有趣,best
2020-02-26 11:23:16,9.9.0,为什么只能验证码登陆不能密码登陆,good
2020-02-26 10:34:53,9.9.0,拍视频记录美好生活点滴,best
2020-02-26 07:41:36,9.9.0,非常好,best
2020-02-26 01:40:09,9.9.0,给大家带来娱乐加互动的好平台,best
2020-02-25 23:16:50,9.7.2,离不开抖音啦，每天都要看短视频，能学到很多东西，凡是发抖音的都是人才，都想被别人点赞，都是拿出自己的看家本领展现自己的才华,best
2020-02-25 20:09:08,9.9.0,超级棒！大气、大手笔、全功能、利国利民的好平台。假货不见了，更要归功于抖音。,best
2020-02-25 19:20:07,9.9.0,。。。好，好用，超好用，超级好用,best
2020-02-25 15:27:40,9.9.0,什么东西啊，居然那么好玩。,best
2020-02-25 14:40:46,9.9.0,抖音极速版诈骗坑人，邀请好友，看视频说赚钱，提现失败，反馈给客服一直无人理会,bad
2020-02-25 13:58:59,9.9.0,下载两年了，一直听说都在刷抖音，不知道干什么的，结果去年11月份因为无聊来刷，上瘾了。新闻也及时。,best
2020-02-25 13:53:29,9.9.0,准确的来说还行，就是直播要登录。,best
2020-02-25 10:55:20,9.9.0,抖音短视频符合现在年轻人们思想，给人们带来了更好展示自我的机会,best
2020-02-25 08:18:39,9.9.0,很好用，我很喜欢。,best
2020-02-25 03:26:26,9.9.0,挺好的开心一刻值千金,best
2020-02-25 01:45:31,9.9.0,抖出精彩，抖出快乐，爱抖音！,best
2020-02-24 23:33:37,9.9.0,哈哈哈哈哈哈哈,best
2020-02-24 22:09:45,9.9.0,非常好的app,best
2020-02-24 21:55:30,9.8.1,抖音带给我很多朋友，也带来很多乐取,best
2020-02-24 21:22:22,10.0.0,很好,best
2020-02-24 20:36:29,9.9.0,rrr,best
2020-02-24 20:19:58,9.9.0,别人的视频不好但很火，自己的视频好但不火,good
2020-02-24 19:59:03,9.9.0,很不错的一个软件,best
2020-02-24 19:58:08,,怎么才能在电脑上看抖音短视频呢，手机屏太小了，年龄大了都看不太清了，建议抖音能整个电脑版的,best
2020-02-24 19:35:53,,henghao,best
2020-02-24 19:17:07,9.9.0,very good,best
2020-02-24 18:06:57,9.9.0,好玩，记录日常生活,best
2020-02-24 13:05:39,10.1.0,不错,best
2020-02-24 10:46:00,9.9.0,自从有了抖音以后，感觉生活变得有趣多了,best
2020-02-24 10:44:05,9.9.0,抖音中国最干净的短视频,best
2020-02-24 08:55:53,10.0.0,好很好,best
2020-02-24 08:51:42,9.9.0,非常好,best
2020-02-24 08:33:09,9.9.0,很好,best
2020-02-24 08:27:14,9.8.1,我玩了三四年了，挺好的,best
2020-02-23 22:14:45,9.9.0,怎么没找到设置字幕呀一句一句的像电视上的这一句说完又出一句字幕的那种，,good
2020-02-23 19:25:32,9.9.0,好？,best
2020-02-23 18:41:52,9.9.0,可以学到很多东西，感谢抖音这个平台,best
2020-02-23 18:40:15,9.9.0,这个软件超好，无聊的时候可以刷刷视频，里面还有游戏,best
2020-02-23 07:41:48,9.9.0,功能齐全反应灵敏快捷,best
2020-02-23 00:53:51,9.9.0,界面干净，运行方便快捷简单！,best
2020-02-23 00:31:56,9.8.1,这个软件真的很垃圾！上传视频都不行！还不如去玩快手，QQ也不支持，恶心到家了，官方也就是一个摆设！,bad
2020-02-22 23:35:39,9.9.0,真的太棒了,best
2020-02-22 23:10:09,9.9.0,不错,best
2020-02-22 22:47:55,9.9.0,好玩,best
2020-02-22 22:11:23,9.9.0,抖音给了所有人展示自己的机会太棒了,best
2020-02-22 21:11:34,9.9.0,好东西  推荐不是很好   太容易泄露隐私,best
2020-02-22 20:45:48,9.9.0,非常好,best
2020-02-22 14:46:00,9.9.0,嗯，我特别喜欢这个抖音。就是我拍的抖音，一直没有多少赞，所以说这一点我不是太喜欢，但是还是给你五星好评吧。,best
2020-02-22 11:40:18,9.9.0,更法第一孝公平画，公孙鞅、甘龙、杜挚三大夫御于君，虑世事之变，讨正法之本，求使民之道。,bad
2020-02-22 09:24:13,7.3.0,差不多吧,best
2020-02-22 09:02:13,9.9.0,很好，就是有的时候限流了,best
2020-02-22 08:07:00,9.9.0,视频挺好看的。,best
2020-02-22 00:17:55,9.9.0,非常好，这个软件带给我们快乐。,best
2020-02-21 21:03:14,9.9.0,我热爱短视频，热爱抖音，喜欢记录生活,best
2020-02-21 19:07:21,9.9.0,秦之有韩，若人之有腹心之病也，虚处则然，若居湿地，著而不去，以极走，则发矣。,bad
2020-02-21 15:38:14,9.9.0,"幽默搞笑也有广告体验生活也有人担衣钵
不错的平台生活充满乐趣",best
2020-02-21 15:37:15,9.9.0,什么视频都删,bad
2020-02-21 14:42:36,9.9.0,奥利给,best
2020-02-21 14:27:16,9.5.0,每当我看的时候都好卡,good
2020-02-21 12:42:01,8.6.5,很好在这找到很多乐趣,best
2020-02-21 12:34:26,9.9.0,很好,best
2020-02-21 11:42:20,9.9.0,好看酷狗懵逼1,best
2020-02-21 11:37:09,9.0.0,很好的一种软件,best
2020-02-21 10:19:39,9.9.0,非常好用,best
2020-02-21 07:22:05,9.9.0,非常好用,best
2020-02-21 04:36:28,9.9.0,额，，,best
2020-02-20 22:41:00,9.9.0,很不错！娱乐教育两不误,best
2020-02-20 19:48:03,9.9.0,用这个太好了，方便随时可以用。,best
2020-02-20 19:41:12,9.9.0,还是很不错的，我已经很努力了，多给些流量我啊！,best
2020-02-20 19:39:39,9.7.2,好好好好好好好好好好好,best
2020-02-20 19:11:02,9.7.0,垃圾软件，胡乱封号,bad
2020-02-20 18:53:17,9.9.0,超级棒！,best
2020-02-20 18:51:51,9.9.0,抖音记录美好生活,best
2020-02-20 18:21:38,9.9.0,好棒的软件，不去动物园就能看到猴子，克隆羊那些，可惜他们都活不长，一星好评!,bad
2020-02-20 16:48:32,9.7.0,还是很好的,best
2020-02-20 16:45:30,9.9.0,天上下雨，地上滑，自己跌倒自己爬，想让朋友帮帮你，那得烟换烟，茶换茶，没有烟酒茶，朋友是个啥？,best
2020-02-20 10:25:41,9.9.0,没有2星的平衡一下,good
2020-02-20 08:06:17,9.8.1,跟快手差不多 感谢抖音让我认识很多朋友 学会很多东西,good
2020-02-20 07:42:52,9.8.1,很棒,best
2020-02-20 04:10:08,9.8.1,不错，都是正能量,best
2020-02-20 01:21:01,9.9.0,感谢抖音平台，给每个人创作空间，让每个人成为导演,best
2020-02-19 19:10:24,9.8.1,还可以，无聊的时候看就不无聊,best
2020-02-19 15:21:39,9.8.1,学到很多,best
2020-02-19 13:05:20,9.8.1,既打发了时间，又学了知识。给平淡无奇的生活增添了些许趣味,best
2020-02-19 12:51:36,9.8.1,善良漂亮,best
2020-02-19 12:23:12,10.0.0,很好用  在这个平台  学到了很多,best
2020-02-19 10:26:58,9.8.1,好好好！,best
2020-02-19 10:26:31,9.8.1,内容丰富有趣，并且能学到很多东西,best
2020-02-19 00:44:38,9.8.1,很好啊，其实看或者拍都好,best
2020-02-18 23:50:18,9.8.1,很好玩,best
2020-02-18 23:48:16,9.8.1,很好看,best
2020-02-18 21:56:53,9.8.1,可以,best
2020-02-18 15:57:34,9.7.0,抖音短视频挺好的，它可以记录下我美好的生活。小姐姐们可以试试看吧！,best
2020-02-18 14:43:02,9.8.1,很棒！功能很人性化！！,best
2020-02-18 10:12:36,9.8.1,太好了，我一下就有了八十多个赞了！你们也赶紧下一个吧！,best
2020-02-18 08:49:28,9.8.1,上瘾,best
2020-02-18 06:52:42,9.7.0,优秀,best
2020-02-17 23:29:26,9.8.5,的确不错。开了这么长时间，有失落有感动。传递信息快满满的正能量。支持。,best
2020-02-17 23:18:54,9.8.1,我真的是搞不懂抖音，我啥都没发给我把号禁了，联系官方还老是没反应，我之前真的是天天看这个软件觉得很好，但是他无缘无故把我号封了就让我有点反感了，起码告诉我我错哪吧，真的是无语,bad
2020-02-17 22:46:08,9.8.1,好看，有用！！！！！！！！,best
2020-02-17 19:01:54,9.8.1,不错，可以推荐。,best
2020-02-17 18:42:06,9.8.1,然则是一举而霸王之名可成也，四邻诸侯可朝也，而谋臣不为，引军而退，复与荆人为和。,bad
2020-02-17 18:19:26,9.8.1,超级无敌好，就是有点限流,best
2020-02-17 13:46:09,9.8.1,不错，很喜欢,good
2020-02-17 12:47:50,9.8.1,抖音超赞,best
2020-02-17 07:39:07,9.8.5,蛮好用,best
2020-02-17 00:54:25,9.8.1,抖音爸爸很照顾我们,best
2020-02-16 20:22:15,9.8.1,非常好。,best
2020-02-16 20:14:50,9.8.1,爱抖音,best
2020-02-16 20:03:21,9.8.1,学习的好地方啊,best
2020-02-16 18:51:06,9.8.1,推送的内容很好！,best
2020-02-16 13:33:54,9.8.1,"都是腰椎间盘，为什么你这么突出。

都是九年义务教育，为什么你这么优秀～～～",best
2020-02-16 09:48:24,9.8.1,抖音人人都喜欢,best
2020-02-15 22:17:22,9.8.5,抖音能带来快乐和收获。,best
2020-02-15 20:06:50,9.8.1,"中国加油,武汉加油!",best
2020-02-15 20:01:24,9.8.1,还可以，就是登不进去(Ω_Ω)~讨厌！！！,good
2020-02-15 16:17:19,9.7.2,好极了。,best
2020-02-15 15:12:29,9.7.2,超好玩儿,best
2020-02-15 14:40:53,9.8.1,很好的短视频APP,best
2020-02-15 13:50:08,9.2.0,就是诱导我们刷礼物的，然后老师被停播。！！举报读音得了。,bad
2020-02-15 13:03:57,9.8.1,抖音给你我他的视觉美的效果,best
2020-02-15 10:21:05,9.8.1,抖音超好看,best
2020-02-14 23:12:22,9.8.1,很好，里面有很多视频拍的很美，很有意义,best
2020-02-14 22:24:52,9.8.1,挺好用的视频分享平台,best
2020-02-14 22:17:11,9.8.1,很好,best
2020-02-14 20:31:16,9.8.1,好，知道，威武，有希望！,best
2020-02-14 20:10:42,9.8.1,很好很好,best
2020-02-14 19:58:23,9.8.1,特别好！,best
2020-02-14 17:02:40,9.8.1,抖音真的是一个很好的平台,best
2020-02-14 16:46:58,9.8.1,非常好用,best
2020-02-14 15:01:30,9.8.1,抖音这个软件确实不错，但是能不能让我上一次热门？,best
2020-02-14 08:34:12,9.8.1,很好很强大,best
2020-02-13 22:29:11,9.8.1,不错，闲暇时可以玩玩小游戏，提现也方便，快速,best
2020-02-13 20:39:10,9.7.2,很人性化，又有趣又好玩，自由创作，记录生活,best
2020-02-13 20:34:16,9.8.1,总体还可以，但是为什么总会看到一半就卡了？音乐播放正常，但是画面卡顿了，下载卸载又下载卸载又下载好几次，但是还没有改善，依旧卡顿。,good
2020-02-13 20:07:38,9.7.0,很好看，很搞笑,best
2020-02-13 16:23:44,9.8.1,很棒的软件@抖音官方,best
2020-02-13 15:39:47,9.8.1,记录生活！爱上抖音！,best
2020-02-13 14:43:32,9.8.1,总的来说不错，但是很多视频潜移默化带动了社会风气的变化，希望在价值观这块好好甄别。纯粹为了娱乐，致使荣辱观倒置，价值观扭曲的恶搞视频（诸如类似女权思想、女性至上、炫富、仇富等）应予以抵制，希望抖音不光是一个平台，也能对社会拥有一个积极的价值观导向作用。,best
2020-02-13 13:36:55,9.7.2,非常不错,best
2020-02-13 12:52:08,9.8.1,直播带货好帮手，生活娱乐两不误,best
2020-02-13 12:17:33,9.8.1,给无聊生活带来快乐，感谢头条新闻,best
2020-02-13 11:38:53,9.4.0,优秀,best
2020-02-13 06:14:07,9.8.1,我非常喜欢抖音！,best
2020-02-13 02:23:27,9.8.1,比其他那些刷宝什么的好多了，支持,best
2020-02-12 22:40:46,9.8.1,为什么我下载的抖音不能发作品一直在更新,good
2020-02-12 21:38:03,9.8.1,很好玩,best
2020-02-12 20:42:18,9.8.1,尼塔吗？,best
2020-02-12 18:24:29,9.8.1,好就定位好一,good
2020-02-12 16:47:53,9.8.1,你特么？进也进不去。一进去就闪退。不玩了。,good
2020-02-12 16:25:54,9.8.1,这个ap实在是太好用了一定要给五星好评，分期付款先给个一星,bad
2020-02-12 13:51:58,9.8.1,还行！不要卖国求荣就行。,best
2020-02-12 09:47:09,9.7.5,抖音挺好的,best
2020-02-12 09:42:10,9.8.1,太喜欢抖音了,best
2020-02-11 23:16:59,8.1.0,抖音真的好看，没下载的我都替他们感到可惜,best
2020-02-11 20:38:04,9.7.2,上瘾了。一闲就看,best
2020-02-11 19:21:13,9.7.2,这个没有卡的手机都可以用太好了！,best
2020-02-11 18:48:35,9.7.5,方便  快捷,best
2020-02-11 18:43:33,9.8.1,超级好用的,best
2020-02-11 17:56:15,9.8.1,带给我很多欢乐,best
2020-02-11 15:36:49,9.7.2,不错不错不错不错,best
2020-02-11 15:30:52,9.7.2,非常好，内容是想要看的,best
2020-02-11 15:26:11,9.5.0,就好物质的感觉，动不动就限流，没什么敏感词就限流，再好的视频不给钱还是不行，抖音什么时候这么物质了啊？以前都挺好的，现在怎么都变成这样了啊，好难受啊，想火都不能火，再好的视频都要给钱才让火,good
2020-02-11 15:14:10,9.7.2,不错不错味道好咧了,best
2020-02-11 09:42:54,9.6.0,建议下载,best
2020-02-11 00:31:17,9.7.5,"以前是看视频，现在是拍视频然后继续看～
各种好玩和增长见识",best
2020-02-10 18:32:58,9.7.2,一个软件火肯定有它的理由,best
2020-02-10 18:05:00,9.7.2,喜欢的软件，感谢抖音，,best
2020-02-10 17:45:42,9.6.0,挺好的，还能学到很多东西,best
2020-02-10 14:28:25,9.7.2,非得把人气疯啊？刚过了中午自动下载安装两次了，刚骂了你一回卸载了，现在又他妈自动安装了，差不多每天都自动下载安装，非得把人气疯啊，非得把人气疯啊，非得把人气疯啊，非得把人气疯啊，非得把人气疯啊，非得把人气疯啊，非得把人气疯啊，非得把人气疯啊，非得把人气疯啊，非得把人气疯啊，非得把人气疯啊，非得把人气疯啊，非得把人气疯啊，非得把人气疯啊，非得把人气疯啊，非得把人气疯啊，非得把人气疯啊，非得把人气疯啊，非得把人气疯啊，非得把人气疯啊，非得把人气疯啊，非得把人气疯啊，我一周不工作，我也得去投诉你。,bad
2020-02-10 14:21:21,9.7.0,非常不错，给我带来了许多的欢乐。,best
2020-02-10 14:07:51,9.7.2,超级超级好。,best
2020-02-10 13:49:56,9.7.2,很好啊，看到了许多事，还有萌宠都很可爱。,best
2020-02-10 11:37:33,9.7.2,抖音很棒，传播的速度很快，可以让我了解的更多。,best
2020-02-10 11:22:06,9.7.2,我学到了很多东西,best
2020-02-10 10:14:01,9.7.2,比较好用。可以分享日常生活及技能，也能学习别人分享的技能，了解别人的日常。有能力的也能通过里面赚取没定的财富。,best
2020-02-10 09:57:11,9.7.2,太喜欢抖音里，内容有意思，还能挣钱,best
2020-02-10 09:53:54,9.7.2,非常不错的软件，期待上热门，感谢官方,best
2020-02-10 09:49:33,9.7.2,抖音很好呦！,best
2020-02-10 07:35:54,9.7.0,挺好的，没事看看,best
2020-02-09 23:28:36,9.7.0,在这上面学习，认识了好多,best
